HomeTeam,AwayTeam,FTHG,FTAG,FTR,y1,h1,h2,h3,h4,h5,h6,h7,h8,h9,h10,h11,h12,h13,h14,h15,h16,h17,h18,h19,h20,h21,h22,h23,h24,h25,h26,h27,h28,h29,h30,h31,h32,h33,h34,h35,h36,h37,h38,h39,h40,h41,h42,h43,h44,h45,h46,h47,h48,h49,h50,h51,h52,h53,h54,h55,h56,h57,h58,h59,h60,h61,h62,h63,h64,h65,h66,h67,h68,h69,h70,h71,h72,h73,h74,h75,h76,h77,h78,h79,h80,h81,h82,h83,h84,h85,h86,h87,h88,h89,h90,h91,h92,h93,h94,h95,h96,h97,h98,h99,h100,h101,h102,h103,h104,h105,h106,h107,h108,h109,h110,h111,h112,h113,h114,h115,h116,h117,h118,h119,h120,h121,h122,h123,h124,h125,h126,h127,h128,h129,h130,h131,h132,h133,h134,h135,h136,h137,h138,h139,h140,h141,h142,h143,h144,h145,h146,h147,h148,h149,h150,h151,h152,h153,h154,h155,h156,h157,h158,h159,h160,h161,h162,h163,h164,h165,h166,h167,h168,h169,h170,h171,h172,y2,d1,d2,d3,d4,d5,d6,d7,d8,d9,d10,d11,d12,d13,d14,d15,d16,d17,d18,d19,d20,d21,d22,d23,d24,d25,d26,d27,d28,d29,d30,d31,d32,d33,d34,d35,d36,d37,d38,d39,d40,d41,d42,d43,d44,d45,d46,d47,d48,d49,d50,d51,d52,d53,d54,d55,d56,d57,d58,d59,d60,d61,d62,d63,d64,d65,d66,d67,d68,d69,d70,d71,d72,d73,d74,d75,d76,d77,d78,d79,d80,d81,d82,d83,d84,d85,d86,d87,d88,d89,d90,d91,d92,d93,d94,d95,d96,d97,d98,d99,d100,d101,d102,d103,d104,d105,d106,d107,d108,d109,d110,d111,d112,d113,d114,d115,d116,d117,d118,d119,d120,d121,d122,d123,d124,d125,d126,d127,d128,d129,d130,d131,d132,d133,d134,d135,d136,d137,d138,d139,d140,d141,d142,d143,d144,d145,d146,d147,d148,d149,d150,d151,d152,d153,d154,d155,d156,d157,d158,d159,d160,d161,d162,d163,d164,d165,d166,d167,d168,d169,d170,d171,d172,y3,a1,a2,a3,a4,a5,a6,a7,a8,a9,a10,a11,a12,a13,a14,a15,a16,a17,a18,a19,a20,a21,a22,a23,a24,a25,a26,a27,a28,a29,a30,a31,a32,a33,a34,a35,a36,a37,a38,a39,a40,a41,a42,a43,a44,a45,a46,a47,a48,a49,a50,a51,a52,a53,a54,a55,a56,a57,a58,a59,a60,a61,a62,a63,a64,a65,a66,a67,a68,a69,a70,a71,a72,a73,a74,a75,a76,a77,a78,a79,a80,a81,a82,a83,a84,a85,a86,a87,a88,a89,a90,a91,a92,a93,a94,a95,a96,a97,a98,a99,a100,a101,a102,a103,a104,a105,a106,a107,a108,a109,a110,a111,a112,a113,a114,a115,a116,a117,a118,a119,a120,a121,a122,a123,a124,a125,a126,a127,a128,a129,a130,a131,a132,a133,a134,a135,a136,a137,a138,a139,a140,a141,a142,a143,a144,a145,a146,a147,a148,a149,a150,a151,a152,a153,a154,a155,a156,a157,a158,a159,a160,a161,a162,a163,a164,a165,a166,a167,a168,a169,a170,a171,a172
Werder Bremen,Bayern Munich,0,4,A,0,9,10,9.5,8.6,10.5,8.6,10,8.5,8.5,9.4,9,10,10,7.8,10,11,8.25,8.86,8.5,9.2,8.4,10,7.8,8.5,9.4,8.5,8.95,10,11,10,8.7,9,8.25,10.1,10,11,10,10,10,10,8.2,10,10,9,10,8.5,8.25,10.3,8.3,9,8.2,11,7.75,8.55,10.5,10,11.5,10,8.8,9,8.4,8.5,11,9,8,9.4,9,9,9,9,9,9,8.75,9.75,8.5,9.75,8.09,9.75,10,9.4,12,8.25,9.98,9.5,9.2,9.2,8.2,11.2,11,9.2,8.8,8,9.3,8.7,8.5,10,10,7.8,8,7.23,7.95,9,9,8,8.6,7.5,8,10,10,9.5,11.2,10.5,10.5,8.8,8.6,7.25,10,10.4,8.5,8.6,8.6,8.6,10,10,10,8,7.8,10.5,10,7.9,8.35,9.5,10,11,10,10,9,8.6,8.55,10,10,8.4,10,8.5,9.15,8.5,9,9.75,7,10,11,7.85,7.85,8,10,9.75,8.59,8,8.36,8.75,10,9,8.6,11,9.25,8.5,10.5,8.5,8.5,11,9.3,8.5,0,6,6,5.75,6.1,6,6.3,5.25,6,5.75,5.2,5,6.5,5.8,5.8,6,6.5,5.8,6.44,6.25,6.3,6.1,6,5.8,5.2,5.2,5.9,6.15,6.6,6.5,6.2,6,6.25,6,6.86,6,5.5,6,6,6,6.6,5.3,6.4,6.5,6,6.5,5.9,6,6.3,6.3,6.3,5.9,5.8,5.55,6.1,5.6,6.6,6.8,5.5,6.15,5.5,6,6.25,6.5,6.4,6,6.28,6.5,6.5,6.5,6.5,6.5,6.5,6,5.75,5.25,5.75,6.1,6.5,5.5,5.3,6,6.75,5.4,5.4,6.2,6.2,6,5.61,5.9,6.6,6.4,6.25,6.1,6.2,6.2,6.6,6,6.2,6,5.23,5.94,6.2,6.2,6.25,4.7,6.5,5.6,6,6.5,6.35,5.61,5.4,5.4,6.4,6.2,5.45,6,5.62,5.7,6.1,6.1,6.3,6,5.5,6.7,6,5.7,6.8,6,5.95,6.1,5.7,5.5,5.3,6.5,6.5,6.5,6.1,6.1,6,6.25,6,5.5,5.5,6.25,5.9,6.1,6.5,5.4,5,6.9,6.35,6.35,6.3,6.5,7,6.01,5.5,6,6.5,6.5,6.25,5.5,6.7,6.2,5.5,6.8,6,6,5.4,6.2,5.7,1,1.29,1.25,1.28,1.28,1.22,1.3,1.3,1.17,1.25,1.28,1.26,1.25,1.28,1.28,1.27,1.26,1.27,1.25,1.28,1.27,1.22,1.28,1.28,1.27,1.28,1.19,1.2,1.3,1.26,1.28,1.3,1.28,1.28,1.3,1.27,1.31,1.25,1.27,1.27,1.27,1.21,1.26,1.27,1.29,1.25,1.31,1.28,1.27,1.32,1.27,1.27,1.26,1.24,1.28,1.26,1.3,1.29,1.25,1.28,1.22,1.3,1.29,1.26,1.3,1.29,1.29,1.25,1.22,1.22,1.27,1.27,1.27,1.26,1.29,1.24,1.29,1.27,1.24,1.25,1.27,1.25,1.26,1.24,1.27,1.28,1.28,1.28,1.34,1.27,1.3,1.25,1.28,1.3,1.3,1.3,1.27,1.28,1.28,1.3,1.23,1.19,1.28,1.28,1.28,1.2,1.3,1.2,1.27,1.25,1.25,1.34,1.29,1.29,1.3,1.28,1.22,1.27,1.26,1.22,1.27,1.27,1.3,1.27,1.22,1.27,1.3,1.26,1.23,1.28,1.23,1.27,1.24,1.22,1.3,1.25,1.25,1.3,1.28,1.28,1.28,1.25,1.28,1.25,1.25,1.28,1.31,1.29,1.24,1.22,1.3,1.29,1.27,1.27,1.36,1.25,1.28,1.28,1.25,1.28,1.24,1.25,1.28,1.22,1.28,1.26,1.2,1.23,1.27,1.27,1.31,1.28,1.18
Augsburg,M'gladbach,4,4,D,0,2.7,2.8,2.65,2.65,2.7,2.7,2.85,0,2.65,2.7,2.7,2.75,2.7,2.68,2.75,2.7,2.65,2.74,2.7,2.7,2.53,2.7,2.68,2.83,2.7,2.38,2.67,2.64,2.7,2.4,2.68,2.63,2.65,2.71,2.75,2.9,2.63,2.75,2.75,2.85,2.59,2.81,2.65,2.8,2.8,2.67,2.65,2.66,2.7,2.55,2.65,2.85,2.54,2.68,2.81,2.64,2.42,2.7,2.75,2.6,0,2.7,2.7,2.7,2.67,2.69,2.7,2.7,2.7,2.75,2.75,2.75,2.75,2.7,2.5,2.7,2.6,2.8,2.8,2.67,0,2.65,2.75,2.64,2.65,2.65,2.7,2.96,2.85,2.75,2.65,2.65,2.7,2.74,2.65,2.86,2.7,2.6,2.7,2.5,2.54,2.7,2.7,2.6,2.6,2.75,2.5,2.75,2.8,2.77,2.9,2.86,2.86,2.7,2.7,2.5,2.75,2.81,2.57,2.65,2.65,2.7,2.75,2.7,2.9,2.67,2.55,2.8,2.7,2.6,2.62,2.65,2.7,2.85,2.8,2.8,2.7,2.7,2.68,2.8,2.7,2.65,2.7,2.5,2.72,2.7,2.7,2.8,2.5,2.8,2.92,2.6,2.6,2.7,2.7,2.85,2.55,2.6,2.66,2.69,2.8,2.63,2.64,2.88,2.78,2.5,2.79,2.65,2.65,2.9,2.8,2.72,1,3.5,3.7,3.5,3.5,3.5,4,3.5,0,3.2,3.4,3.4,3.5,3.6,3.8,3.45,3.75,3.45,3.56,3.55,3.45,3.58,3.6,3.8,3.15,3.4,3.4,3.68,3.8,3.75,3.45,3.72,3.75,3.5,3.85,3.45,3.6,3.6,3.45,3.45,3.71,3.32,3.65,3.7,3.5,3.6,3.55,3.5,3.6,3.7,3.35,3.45,3.5,3.25,3.55,3.45,3.8,3.45,3.5,3.45,3.4,0,3.6,3.75,3.6,3.5,3.71,3.6,3.6,3.6,3.65,3.65,3.65,3.45,3.6,3.3,3.6,3.5,3.55,3.45,3.35,0,3.6,3.4,3.35,3.7,3.7,3.5,3.67,3.65,3.65,3.45,3.5,3.7,3.6,3.6,3.72,3.6,3.5,3.6,3.26,3.35,3.6,3.6,3.5,3.15,3.6,3.45,3.45,3.6,3.64,3.83,3.54,3.54,3.5,3.55,3.25,3.45,3.47,3.4,3.5,3.5,3.6,3.45,3.5,3.48,3.5,3.35,3.68,3.6,3.45,3.45,3.45,3.5,3.55,3.6,3.6,3.55,3.55,3.55,3.5,3.6,3.5,3.5,3.5,3.55,3.55,3.7,3.55,3.25,3.3,3.8,3.56,3.56,3.7,3.6,3.75,3.64,3.35,3.5,3.65,3.6,3.75,3.39,3.75,3.4,3.4,3.68,3.5,3.5,3.6,3.65,3.25,0,2.45,2.3,2.45,2.4,2.38,2.43,2.4,0,2.35,2.25,2.25,2.45,2.45,2.26,2.45,2.5,2.4,2.45,2.45,2.47,2.32,2.45,2.26,2.34,2.25,2.41,2.19,2.5,2.5,2.26,2.45,2.45,2.45,2.59,2.45,2.4,2.5,2.45,2.45,2.41,2.21,2.38,2.55,2.4,2.4,2.55,2.45,2.48,2.6,2.4,2.42,2.37,2.38,2.47,2.35,2.5,2.5,2.4,2.47,2.38,0,2.49,2.5,2.55,2.45,2.5,2.4,2.3,2.3,2.4,2.4,2.4,2.4,2.45,2.3,2.45,2.47,2.35,2.33,2.46,0,2.5,2.31,2.49,2.5,2.5,2.45,2.47,2.38,2.55,2.45,2.45,2.49,2.49,2.5,2.42,2.45,2.5,2.5,2.31,2.27,2.5,2.5,2.5,2.18,2.45,2.24,2.45,2.4,2.34,2.44,2.38,2.38,2.49,2.47,2.3,2.45,2.35,2.32,2.45,2.45,2.5,2.45,2.38,2.47,2.47,2.35,2.36,2.45,2.3,2.5,2.35,2.38,2.35,2.4,2.4,2.47,2.46,2.47,2.4,2.45,2.45,2.4,2.4,2.5,2.52,2.45,2.35,2.3,2.4,2.46,2.47,2.47,2.63,2.45,2.41,2.52,2.4,2.45,2.35,2.4,2.45,2.24,2.43,2.44,2.3,2.35,2.45,2.45,2.41,2.43,2.17
Hoffenheim,Freiburg,1,2,A,0,2.38,2.5,2.37,2.35,2.38,2.4,2.6,2.4,2.4,2.51,2.45,2.6,2.37,2.42,2.45,2.4,2.35,2.44,2.4,2.4,2.25,2.45,2.42,2.48,2.51,2.41,2.38,2.42,2.4,2.38,2.52,2.32,2.38,2.45,2.45,2.63,2.4,2.45,2.45,2.64,2.41,2.61,2.45,2.45,2.45,2.42,2.38,2.4,2.45,2.3,2.35,2.6,2.26,2.4,2.58,2.42,2.42,2.4,2.43,2.38,2.48,2.48,2.4,2.44,2.4,2.45,2.38,2.5,2.5,2.4,2.4,2.4,2.4,2.45,2.3,2.45,2.44,2.6,2.55,2.36,2.45,2.4,2.53,2.39,2.4,2.4,2.4,2.71,2.6,2.45,2.4,2.4,2.42,2.43,2.4,2.65,2.45,2.4,2.4,2.24,2.29,2.42,2.42,2.4,2.39,2.5,2.3,2.45,2.45,2.57,2.63,2.62,2.62,2.45,2.4,2.3,2.45,2.58,2.3,2.4,2.4,2.4,2.45,2.38,2.67,2.4,2.3,2.54,2.45,2.3,2.35,2.35,2.38,2.6,2.45,2.45,2.4,2.39,2.4,2.45,2.38,2.4,2.4,2.3,2.47,2.42,2.5,2.6,2.2,2.3,2.7,2.38,2.38,2.56,2.4,2.35,2.4,2.35,2.38,2.41,2.45,2.32,2.45,2.67,2.48,2.3,2.54,2.35,2.35,2.65,2.64,2.3,0,3.4,3.6,3.4,3.4,3.4,3.8,3.5,3.3,3.15,3.25,3.2,3.4,3.5,3.6,3.4,3.6,3.35,3.39,3.45,3.35,3.53,3.4,3.6,3.15,3.25,3.35,3.48,3.55,3.6,3.5,3.78,3.6,3.4,3.75,3.4,3.5,3.5,3.4,3.4,3.62,3.25,3.56,3.5,3.4,3.5,3.45,3.4,3.5,3.5,3.25,3.35,3.5,3.13,3.45,3.5,3.55,3.6,3.4,3.4,3.3,3.45,3.4,3.6,3.5,3.4,3.56,3.4,3.4,3.4,3.5,3.5,3.5,3.35,3.4,3.2,3.4,3.4,3.5,3.45,3.25,3.5,3.45,3.41,3.25,3.6,3.6,3.4,3.69,3.55,3.55,3.4,3.35,3.6,3.5,3.45,3.63,3.4,3.4,3.4,3.17,3.32,3.45,3.45,3.4,3.2,3.5,3.4,3.4,3.5,3.5,3.68,3.54,3.54,3.5,3.45,3.25,3.4,3.49,3.3,3.4,3.4,3.5,3.4,3.4,3.58,3.4,3.25,3.54,3.4,3.4,3.4,3.35,3.4,3.55,3.5,3.5,3.45,3.45,3.45,3.5,3.5,3.4,3.4,3.4,3.4,3.45,3.55,3.5,3.15,3.3,3.71,3.41,3.41,3.6,3.4,3.65,3.5,3.25,3.4,3.5,3.5,3.6,3.31,3.66,3.35,3.25,3.54,3.4,3.4,3.6,3.55,3.15,1,2.9,2.6,2.8,2.8,2.75,2.8,2.55,2.4,2.65,2.67,2.65,2.6,2.87,2.56,2.8,2.9,2.8,2.86,2.85,2.85,2.63,2.75,2.56,2.64,2.67,2.41,2.53,3,2.9,2.78,2.94,2.9,2.82,2.94,2.8,2.63,2.75,2.8,2.8,2.63,2.4,2.59,2.9,2.75,2.8,2.87,2.82,2.8,2.9,2.72,2.8,2.55,2.65,2.85,2.53,3,3,2.75,2.85,2.63,2.78,2.84,2.9,2.9,2.83,2.84,2.88,2.6,2.6,2.9,2.9,2.9,2.8,2.75,2.6,2.75,2.7,2.57,2.5,2.85,2.8,2.85,2.49,2.81,2.8,2.8,2.85,2.66,2.6,2.95,2.85,2.8,2.86,2.88,2.85,2.64,2.75,2.8,2.8,2.64,2.54,2.85,2.85,2.8,2.34,2.75,2.45,2.8,2.8,2.58,2.75,2.57,2.57,2.9,2.85,2.55,2.8,2.53,2.7,2.8,2.8,2.9,2.8,2.7,2.61,2.82,2.7,2.66,2.75,2.6,2.85,2.7,2.7,2.55,2.8,2.8,2.85,2.83,2.85,2.8,2.8,2.8,2.75,2.7,2.84,2.87,2.72,2.57,2.63,3,2.69,2.81,2.81,2.85,2.9,3.05,2.76,2.75,2.82,2.7,2.8,2.9,2.44,2.65,2.78,2.6,2.66,2.8,2.8,2.6,2.58,2.6
Leverkusen,RB Leipzig,3,2,H,1,2.25,2.3,2.2,2.2,2.25,2.2,2.4,0,2.25,2.37,2.35,2.3,2.2,2.35,2.25,2.3,2.2,2.2,2.2,2.24,2.2,2.15,2.2,2.38,2.26,2.03,2.28,2.2,2.3,2.12,2.23,2.2,2.22,2.31,2.25,2.4,2.25,2.25,2.25,2.4,2.2,2.36,2.25,2.38,2.3,2.22,2.22,2.2,2.4,2.22,2.2,2.36,2.1,2.23,2.34,2.2,2.24,2.25,2.3,2.15,2.32,2.25,2.3,2.27,2.22,2.3,2.2,2.3,2.3,2.2,2.2,2.2,2.25,2.15,2.05,2.15,2.3,2.37,2.32,2.16,2.3,2.25,2.3,2.16,2.25,2.25,2.25,2.46,2.37,2.3,2.2,2.15,2.24,2.27,2.25,2.4,2.15,2.2,2.3,2.1,2.11,2.25,2.25,2.2,2.18,2.33,2.1,2.25,2.3,2.34,2.44,2.37,2.37,2.3,2.23,2.1,2.25,2.34,2.12,2.2,2.2,2.25,2.25,2.2,2.39,2.25,2.15,2.36,2.15,2.15,2.2,2.2,2.2,2.35,2.3,2.3,2.23,2.23,2.23,2.35,2.2,2.2,2.25,2.15,2.25,2.22,2.27,2.37,2.1,2.3,2.44,2.19,2.19,2.4,2.2,2.19,2.23,2.15,2.22,2.24,2.3,2.2,2.23,2.42,2.26,2.15,2.35,2.2,2.2,2.39,2.38,2.2,0,3.5,3.7,3.5,3.45,3.5,3.9,3.5,0,3.5,3.35,3.3,3.6,3.5,3.7,3.5,3.75,3.4,3.54,3.5,3.4,3.52,3.6,3.85,3.2,3.35,3.4,3.59,3.5,3.75,3.5,3.68,3.7,3.45,3.81,3.5,3.6,3.6,3.5,3.5,3.72,3.34,3.66,3.6,3.5,3.6,3.6,3.45,3.6,3.6,3.5,3.4,3.5,3.22,3.5,3.5,3.5,3.6,3.5,3.45,3.4,3.55,3.47,3.75,3.55,3.5,3.75,3.5,3.6,3.6,3.55,3.55,3.55,3.45,3.6,3.3,3.6,3.5,3.5,3.45,3.4,3.6,3.5,3.41,3.4,3.7,3.7,3.45,3.69,3.65,3.6,3.45,3.45,3.6,3.55,3.55,3.74,3.6,3.4,3.4,3.21,3.28,3.55,3.55,3.45,3.2,3.6,3.45,3.5,3.6,3.64,3.83,3.54,3.54,3.55,3.5,3.2,3.5,3.49,3.35,3.45,3.45,3.5,3.5,3.5,3.6,3.45,3.3,3.68,3.6,3.35,3.4,3.45,3.5,3.55,3.6,3.6,3.5,3.5,3.5,3.6,3.5,3.45,3.5,3.5,3.7,3.55,3.6,3.5,3.2,3.3,3.82,3.44,3.44,3.7,3.6,3.7,3.63,3.3,3.45,3.5,3.6,3.7,3.4,3.77,3.45,3.7,3.68,3.45,3.45,3.65,3.7,3.25,0,3,2.8,3.1,3.05,2.9,3.1,2.85,0,3.05,2.76,2.7,2.87,3.1,2.6,3,3,3,3.15,3.1,3.05,2.7,3.1,3.1,2.74,2.94,2.93,2.6,3.05,3,2.86,3.02,3.05,3.05,3.13,3,2.8,3,3,3,2.87,2.6,2.82,3.2,2.8,3,3.1,3.05,3.1,2.9,3.05,3,2.85,2.84,3.05,2.81,3.05,3.1,2.9,2.98,2.88,2.94,3.15,3,3.15,3.1,3,3.1,2.7,2.7,3.15,3.15,3.15,3,3.1,2.9,3.1,2.82,2.8,2.8,3.1,2.95,3.1,2.76,3.1,2.95,2.95,3.05,2.97,2.85,3.15,3.05,3.1,3.1,3.1,3.1,2.87,3.1,3.1,3,2.84,2.84,3.1,3.1,3.05,2.6,2.9,2.7,3,3,2.77,2.9,2.86,2.86,3.1,3.05,2.8,3,2.81,2.9,3.05,3.05,3.1,3,2.88,2.9,3.05,2.9,2.8,3.1,2.9,3.1,2.9,2.88,2.85,3,3,3.05,3.05,3.05,3,3.1,3.05,2.9,2.8,2.95,3.1,3,2.8,2.8,3,2.93,3.1,3.1,3,3.1,3.25,2.95,2.95,3.04,2.93,3,3.05,2.65,2.89,3,3.1,2.79,3.05,3.05,2.85,2.83,2.7
Stuttgart,Bochum,5,0,H,1,1.67,1.67,1.67,1.67,1.65,1.7,1.83,0,1.64,1.67,1.64,1.75,1.7,1.67,1.7,1.7,1.67,1.68,1.7,1.7,1.6,1.7,1.67,1.67,1.67,1.56,1.64,1.69,1.7,1.69,1.68,1.66,1.68,1.74,1.7,1.85,1.73,1.7,1.7,1.81,1.68,1.79,1.7,1.73,1.7,1.72,1.68,1.68,1.72,1.7,1.67,1.82,1.63,1.7,1.8,1.69,1.69,1.73,1.7,1.67,0,1.7,1.7,1.72,1.7,1.69,1.7,1.73,1.73,1.67,1.67,1.67,1.67,1.7,1.62,1.7,1.66,1.7,1.79,1.7,1.67,1.68,1.78,1.7,1.7,1.7,1.7,1.89,1.79,1.73,1.68,1.67,1.7,1.73,1.7,1.81,1.7,1.68,1.7,1.61,1.57,1.71,1.71,1.67,1.7,1.69,1.57,1.7,1.7,1.76,1.83,1.82,1.82,1.72,1.7,1.6,1.7,1.8,1.61,1.65,1.65,1.7,1.7,1.67,1.81,1.71,1.63,1.77,1.68,1.6,1.7,1.68,1.67,1.8,1.7,1.7,1.7,1.7,1.7,1.72,1.67,1.68,1.67,1.65,1.7,1.7,1.7,1.7,1.6,1.7,1.84,1.68,1.68,1.8,1.67,1.68,1.7,1.65,1.68,1.66,1.7,1.66,1.7,1.82,1.67,1.65,1.77,1.68,1.68,1.81,1.77,1.55,0,4,4,3.9,3.9,3.9,4.3,3.7,0,3.65,3.7,3.6,3.9,3.9,4,4,4.2,3.85,4.01,4,3.9,4.05,3.9,4,3.6,3.7,3.8,3.91,4,4.2,4,4.1,4,3.9,4.24,4,3.8,4,4,4,3.95,3.5,3.88,4.1,4,4,4.05,3.9,4,4.2,3.95,3.85,3.7,3.52,3.95,3.65,4,4.1,4,3.95,3.75,0,4,4.2,4.1,4,4.26,4,3.8,3.8,4.1,4.1,4.1,3.95,3.9,3.6,3.9,3.95,3.95,3.6,3.7,4.1,3.9,3.57,3.7,4.1,4.1,3.9,3.88,3.85,4.1,3.9,4,3.95,4,4.05,3.96,3.9,3.9,4,3.6,3.8,4,4,4,3.3,4.2,3.8,4,4,3.86,4.06,3.72,3.72,3.9,3.95,3.65,4,3.65,3.85,4,4,4,4,4,3.8,3.95,3.7,3.9,4,3.9,3.85,3.9,3.8,3.75,4,4,3.95,3.95,3.95,3.75,4,3.9,4,3.8,3.96,4.05,4.05,3.95,3.55,3.8,4.1,3.88,3.88,4.15,4.1,4.25,3.93,3.75,3.91,4,4,4,3.57,4,3.95,3.6,3.9,3.95,3.95,3.9,3.95,3.7,0,4.5,4.75,4.8,4.5,4.6,4.6,4.2,0,4.35,4.75,4.7,4.33,4.75,4.3,4.5,4.75,4.5,4.61,4.5,4.5,4.3,4.75,4.3,4.5,4.75,4.45,4.23,4.6,4.75,4.6,4.75,4.9,4.5,4.91,4.5,4.25,4.5,4.5,4.5,4.4,3.86,4.3,4.8,4.2,4.7,4.6,4.5,4.9,4.8,4.6,4.45,4.2,4.15,4.6,4.15,4.6,4.7,4.6,4.6,4.33,0,4.75,4.75,4.7,4.5,4.66,4.5,4.2,4.2,4.8,4.8,4.8,4.6,4.75,4.2,4.75,4.56,4.5,4.1,4.55,4.75,4.7,4.03,4.55,4.6,4.6,4.5,4.39,4.3,4.8,4.6,4.6,4.95,4.6,4.7,4.4,4.75,4.6,4.6,4.14,4.29,4.6,4.6,4.5,3.7,4.5,4.25,4.5,4.7,4.25,4.49,4.22,4.22,4.6,4.6,4.1,4.5,4.13,4.4,4.2,4.2,4.6,4.5,4.5,4.5,4.5,4.25,4.32,4.75,4.35,4.5,4.6,4.5,4.3,4.7,4.7,4.5,4.55,4.6,4.5,4.75,4.5,4.5,4.25,4.75,4.6,4.7,4.5,4.1,4.5,4.5,4.65,4.65,4.45,4.7,4.9,4.59,4.33,4.52,4.6,4.7,4.9,3.95,4.4,4.75,4.2,4.32,4.6,4.6,4.3,4.4,4.4
Wolfsburg,Heidenheim,2,0,H,1,1.57,1.65,1.57,1.57,1.53,1.6,1.5,0,1.6,1.65,1.62,1.55,1.6,1.66,1.58,1.6,1.58,1.56,1.6,1.6,1.51,1.58,1.66,1.62,1.65,1.47,1.57,1.56,1.6,1.52,1.58,1.52,1.59,1.64,1.58,1.63,0,1.58,1.58,1.63,1.53,1.61,1.55,1.62,1.65,1.6,1.59,1.57,1.57,1.6,1.58,1.62,1.52,1.6,1.61,1.56,1.58,1.53,1.6,1.53,1.6,1.57,1.6,1.62,1.6,1.6,1.57,1.57,1.57,1.59,1.59,1.59,1.59,1.58,1.52,1.58,1.53,1.62,1.6,1.61,1.55,1.55,1.56,1.61,1.58,1.58,1.6,1.69,1.63,1.63,1.6,1.55,1.61,1.62,1.57,1.63,1.58,1.55,1.6,1.52,1.51,1.61,1.61,1.55,1.53,1.61,1.5,1.57,1.65,1.59,1.65,1.63,1.63,1.65,1.6,1.55,1.58,1.61,1.51,1.6,1.6,1.6,1.57,1.5,1.68,1.61,1.54,1.6,1.58,1.55,1.56,1.52,1.5,1.63,1.65,1.65,1.6,1.59,1.6,1.57,1.57,1.58,1.53,1.55,1.63,1.6,1.62,1.62,1.5,1.55,1.65,1.54,1.54,1.7,1.55,1.6,1.56,1.55,1.59,1.57,1.65,1.52,1.54,1.64,1.62,1.5,1.59,1.56,1.56,1.64,1.65,1.48,0,4.2,4.2,4,4.1,4.2,4.5,4.3,0,3.75,3.8,3.7,4.1,4,4,4.25,4.35,4,4.29,4.25,4.05,4.25,4.1,4,3.65,3.8,3.95,4.01,4.3,4.35,3.85,4.33,4.4,4.1,4.48,4.25,4,0,4.25,4.25,4.3,3.74,4.2,4.5,4.2,4.1,4.2,4.1,4.2,4.4,4.15,4,3.9,3.7,4.15,3.85,4.3,4.3,4,4.1,4,4.1,4.3,4.35,4.3,4.2,4.35,4.33,4.2,4.2,4.3,4.3,4.3,4.1,4.1,3.75,4.1,4.3,4.1,3.8,3.85,4.25,4.25,3.98,3.85,4.3,4.3,4,4.09,3.95,4.3,4.1,4.2,4.2,4.2,4.3,4.3,4.1,4.25,4.2,3.73,3.83,4.2,4.2,4.33,3.45,4.33,3.9,4.25,4.1,4.25,4.45,3.94,3.94,4.1,4.1,3.7,4.25,3.84,4,4.1,4.1,4.2,4.25,4,4.2,4.15,3.85,4.28,4.1,3.9,4.2,4,4,3.95,4.1,4.1,4.25,4.15,4.15,4,4.2,4.1,4,3.9,4.12,4.25,4.15,4.1,3.7,3.8,4.4,4.2,4.2,4.35,4.4,4.5,4.22,3.9,4.08,4.3,4.1,4.4,3.83,4.33,4.05,4,4.28,4.2,4.2,4,4.15,3.85,0,5.5,4.8,5.5,5.1,5.25,5.1,6.5,0,4.65,4.75,4.7,6,5.5,4.35,5.25,5.5,5,5.29,5.25,5.1,4.9,5.5,4.35,4.8,4.75,5.1,4.59,5.4,5.5,4.8,5.35,6,5.1,5.53,5.25,5.5,0,5.25,5.25,5.3,4.6,5.2,5.7,5,5,5.4,5.1,5.7,5.8,5.2,5.05,5.4,4.68,5.2,5.3,5.4,5.4,5.5,5.15,5,5.3,5.5,5.5,5.4,5.33,5.5,5.25,5,5,5.4,5.4,5.4,5.2,5.5,5,5.5,5.3,4.9,5.2,5.1,6,5.5,5.02,5.1,5.4,5.4,5,5.62,5.4,5.4,5,5.25,5.5,5.3,5.4,5.4,5.5,5.25,5,4.66,4.73,5.2,5.2,5.25,4.7,5,4.7,5.25,5,5.1,5.37,5.4,5.4,5.2,5.2,4.55,5.25,5.28,5,5.1,5.1,5.3,5.25,5.5,4.9,5,4.8,5.15,5.5,4.8,5.24,5.5,5.5,5.5,5,5,5.25,5.2,5.2,5.75,5.25,5.1,5.5,4.75,5.15,5.4,5.3,4.9,4.6,6,5.5,5.35,5.35,4.95,5.5,5.5,5.44,5,5.13,5,5,6,4.75,5.4,5.1,4.75,5.15,5.3,5.3,5.6,5.05,4.8
Dortmund,FC Koln,1,0,H,1,1.44,1.5,1.44,1.44,1.4,1.46,1.53,1.29,1.4,1.52,1.49,1.5,1.44,1.52,1.45,1.45,1.42,1.44,1.45,1.45,1.35,1.46,1.52,1.51,1.46,1.3,1.48,1.45,1.45,1.39,1.51,1.45,1.44,1.58,1.45,1.53,1.43,0,1.45,1.53,1.44,1.52,1.43,1.5,1.45,1.47,1.44,1.45,1.55,1.48,1.43,1.53,1.41,1.45,1.52,1.45,1.43,1.44,1.45,1.5,1.43,1.46,1.45,1.47,1.44,1.47,1.48,1.48,1.48,1.44,1.44,1.43,1.44,1.46,1.37,1.46,1.4,1.52,1.51,1.46,1.41,1.5,1.47,1.43,1.43,1.45,0,1.58,1.54,1.47,1.45,1.44,1.45,1.47,1.53,1.54,1.46,1.42,1.45,1.38,1.32,1.44,1.44,1.4,1.44,1.42,1.31,1.42,1.45,1.5,1.58,1.53,1.53,1.46,1.45,1.35,1.45,1.52,1.36,1.4,1.4,1.45,1.42,1.36,1.55,1.45,1.41,1.53,1.42,1.35,1.42,1.46,1.36,1.53,1.45,1.45,1.44,1.45,1.45,1.44,1.44,1.43,1.4,1.4,1.44,1.47,1.4,1.52,1.36,1.4,1.56,1.41,1.41,1.53,1.45,1.44,1.42,1.42,1.44,1.39,1.45,1.45,1.46,1.54,1.37,1.44,1.52,1.46,1.4,1.55,1.55,1.35,0,4.75,4.5,4.6,4.9,4.75,5.1,4.2,4.8,5,4,3.9,4.5,4.75,4.4,4.8,4.75,4.7,4.84,5,4.8,4.9,4.6,4.4,3.85,4.3,4.8,4.28,5,4.75,4.5,4.65,4.8,4.8,4.39,4.8,4.2,5,0,4.8,4.75,4.1,4.6,5.3,4.75,4.8,4.65,4.8,5,4.3,3.9,4.75,4.2,4.37,4.9,4.1,5,4.7,5,4.8,4.33,4.9,4.84,4.75,5,5,4.94,4.5,4.5,4.5,4.8,4.8,5,4.8,4.6,4.4,4.6,4.9,4.3,4.05,4.3,4.95,4,4.8,5,5,4.75,0,4.39,4.2,5.2,4.8,4.75,4.9,4.95,4.2,4.75,4.6,4.85,5,4.33,4.73,5,5,5,3.65,5,4.6,5,4.8,4.55,4.39,4.22,4.22,4.9,4.9,4.4,4.8,4.11,4.7,4.9,4.9,4.9,5,4.5,4.4,4.85,4.6,4.22,4.8,4.8,4.8,4.3,4.5,4.2,4.8,4.8,5.25,4.85,4.9,4.5,4.8,4.8,4.5,4.75,5,4.65,5.1,4.3,4.25,4.7,4.9,4.9,4.9,5,4.8,5.25,4.82,4.5,4.8,5,4.8,4.8,4.2,4.8,5.4,4.75,4.22,4.2,5.1,4.3,4.6,4.5,0,6.5,5.8,6.5,6.1,6.5,6.1,6,6.5,6.6,5.8,5.75,6,6.5,5.1,6.3,7,6,6.07,6.25,5.95,6.2,6.5,5.1,5.6,6.3,6.5,5.2,6.2,7,5.8,5.75,6.3,6,6.43,6.3,6,7,0,6.3,5.8,5,5.7,6.5,5.5,6.5,6.6,6,7.3,6.3,5.65,5.9,6,5.45,6.1,6,6.2,7,7,6,6,6.4,6.25,7,6.2,6,6.36,5.5,5.5,5.5,6,6,6.25,6,6.5,6.25,6.5,6.38,5.8,5.9,6.3,6.5,5.82,6,6.5,6.5,6,0,6.43,6.2,6.4,6,6,6.7,6.1,6.2,5.8,6.5,6.35,6,5.39,6.14,6.4,6.4,6.25,5.2,6.66,6.4,6.75,6.5,5.65,6.43,6.2,6.2,6.2,6.2,5.7,6.3,6,6,6.3,6.3,6.1,6.75,6.5,6,5.85,5.7,6.2,7,6.25,6.3,6,6.5,6.2,6.5,6.5,6.5,6,6.1,7,6.5,6,6.5,6.5,6.4,6.6,7.2,5.8,5.3,6.7,6,6.3,6.3,6,6.3,6.75,6.75,5.75,6.02,6.5,6.5,6.3,5.1,5.9,6.7,6.5,6.2,5.1,6.5,6.2,5.5,5.7
Union Berlin,Mainz,4,1,H,1,1.91,1.85,1.87,1.95,1.95,1.94,1.9,1.92,1.9,1.9,1.87,1.9,1.87,1.9,1.92,1.95,1.91,2,1.9,1.94,1.93,1.93,1.9,1.9,1.9,1.95,1.8,1.97,1.95,1.92,1.93,1.88,1.92,1.99,1.92,1.91,0,1.94,2,1.91,1.78,1.89,1.95,2,1.95,0,1.92,0,1.95,1.86,1.97,1.89,0,1.93,1.88,1.97,1.93,1.91,1.97,1.9,2.04,2.02,1.95,1.96,1.93,2.02,1.95,1.85,1.85,1.91,1.91,1.91,1.91,1.93,1.85,1.93,1.97,1.88,1.86,1.95,1.95,1.9,1.85,1.95,1.95,1.95,1.95,1.97,1.9,1.98,1.9,0,1.93,1.96,1.92,1.92,1.93,1.9,2,1.83,1.86,1.95,1.95,1.9,1.76,0,1.83,1.91,1.95,1.87,1.95,1.9,1.9,1.96,1.97,1.85,1.92,1.88,1.87,1.95,1.95,1.95,1.91,1.91,1.91,1.95,1.88,1.88,1.93,1.88,1.92,1.9,1.91,1.88,1.95,1.95,1.96,1.93,1.93,1.95,1.91,1.92,1.9,1.87,1.98,1.93,0,1.88,1.83,2,1.95,1.91,1.91,2.05,1.95,1.91,1.95,1.9,1.92,1.99,1.95,1.88,1.8,1.93,1.94,1.85,1.88,1.86,1.86,1.92,1.93,1.77,0,3.6,3.7,3.4,3.5,3.5,3.5,3.4,3.1,3.3,3.4,3.35,3.6,3.4,3.6,3.6,3.6,3.4,3.47,3.5,3.4,3.15,3.4,3.6,3.35,3.4,3.1,3.57,3.4,3.6,3.4,3.6,3.6,3.45,3.77,3.6,3.5,0,3.6,3.4,3.66,3.26,3.59,3.6,3.5,3.6,0,3.45,0,3.7,3.6,3.35,3.4,0,3.5,3.4,3.4,3.55,3.4,3.5,3.25,3.25,3.45,3.6,3.55,3.5,3.59,3.5,3.6,3.6,3.5,3.5,3.5,3.5,3.4,3.2,3.4,3.4,3.6,3.35,3.3,3.5,3.6,3.31,3.3,3.55,3.55,3.45,3.58,3.45,3.6,3.45,0,3.5,3.55,3.55,3.67,3.4,3.5,3.4,3.19,3.17,3.5,3.5,3.5,3.05,0,3.25,3.6,3.6,3.62,3.81,3.44,3.44,3.55,3.45,3.1,3.6,3.38,3.35,3.35,3.35,3.5,3.6,3.4,3.5,3.45,3.35,3.66,3.4,3.25,3.4,3.35,3.4,3.45,3.6,3.6,3.55,3.5,3.5,3.5,3.5,3.45,3.4,3.4,3.5,3.55,0,3.6,3.15,3.5,3.76,3.45,3.45,3.6,3.5,3.7,3.39,3.3,3.44,3.35,3.6,3.6,3.33,3.7,3.5,3.3,3.66,3.5,3.5,3.5,3.6,3.35,0,3.8,4,4.2,3.95,3.6,4.2,4.2,3.4,3.5,3.85,3.8,3.9,4.2,3.6,3.95,4,3.85,3.73,3.9,3.9,3.7,4,3.6,3.6,3.85,3.4,3.73,4.1,4,4,3.92,4.2,3.9,4.06,3.95,4.25,0,4,3.75,4.2,3.7,4.1,4,3.6,3.8,0,3.9,0,4,4.1,3.65,4.2,0,3.9,4.15,4.1,4.1,3.8,3.75,3.75,3.8,3.78,4,4,4,3.74,3.8,3.8,3.8,4.1,4.1,4.1,3.8,4,3.7,4,3.66,3.95,4.1,3.8,4,3.9,4.05,3.8,3.95,3.95,3.9,4.4,4.25,4.1,3.9,0,4.15,3.95,4,4.2,4,3.9,3.8,3.58,3.57,3.95,3.95,3.9,3.75,0,3.55,3.9,3.8,4,4.19,4.24,4.24,4,3.8,3.5,3.95,4.14,3.6,3.8,3.8,4,3.9,3.75,4.3,3.85,3.75,4.04,4,3.7,3.9,3.7,3.75,4.3,3.8,3.8,4,3.9,3.9,3.75,4,3.9,3.8,3.7,3.85,4.05,0,3.95,3.5,3.5,4.3,3.88,3.88,3.9,3.9,4.2,3.94,3.75,3.88,3.7,3.8,4.2,3.79,4.2,3.75,3.6,4.04,4.1,4.1,4.3,4,3.7
Ein Frankfurt,Darmstadt,1,0,H,1,1.44,1.4,1.44,1.41,1.44,1.43,1.45,0,1.39,1.41,1.39,1.42,1.44,1.42,1.42,1.42,1.4,1.47,1.43,1.44,1.35,1.44,1.42,1.41,1.41,1.33,1.37,1.42,1.42,1.37,1.43,1.41,1.42,1.46,1.42,1.48,1.4,1.42,1.42,1.42,1.34,1.41,1.45,1.44,1.42,0,1.42,0,1.43,1.39,1.41,1.45,0,1.43,1.44,1.42,1.41,1.4,1.45,1.36,1.44,1.44,1.42,1.45,1.43,1.45,1.4,1.38,1.38,1.42,1.42,1.42,1.42,1.44,1.39,1.44,1.44,1.42,1.43,1.42,1.37,1.4,1.42,1.42,1.42,1.42,1.45,1.5,1.46,1.46,1.43,0,1.43,1.46,1.45,1.43,1.44,1.4,1.45,1.37,1.31,1.44,1.44,1.4,1.37,0,1.3,1.42,1.42,1.39,1.45,1.45,1.45,1.45,1.43,1.35,1.42,1.44,1.36,1.42,1.42,1.45,1.42,1.36,1.47,1.44,1.38,1.39,1.44,1.33,1.41,1.38,1.36,1.45,1.42,1.42,1.43,1.44,1.43,1.36,1.4,1.42,1.4,1.38,1.42,1.44,0,1.42,1.36,1.45,1.45,1.39,1.39,1.52,1.4,1.43,1.4,1.4,1.42,1.37,1.42,1.41,1.36,1.43,1.4,1.35,1.39,1.4,1.4,1.47,1.44,1.31,0,4.75,4.75,4.5,4.6,4.4,5,4.3,0,4.45,4.3,4.2,4.8,4.5,4.6,5,4.75,4.5,4.83,4.75,4.6,4.7,4.6,4.6,4.4,4.3,4.4,4.5,4.3,4.75,4.3,4.7,4.8,4.6,5.01,5,4.33,4.5,5,5,5,4.2,4.9,4.8,4.75,4.8,0,4.6,0,5.5,4.35,4.55,4.3,0,4.7,4.25,4.3,4.9,4.5,4.6,4.33,4.7,5,4.75,4.8,4.75,4.67,5,4.75,4.75,4.9,4.9,4.9,4.6,4.6,4.1,4.6,4.65,4.7,4.2,4.25,4.8,5,4.14,4.25,4.8,4.8,4.5,4.59,4.4,4.9,4.5,0,4.75,4.7,4.7,5,4.6,5.1,4.6,4.15,4.49,4.8,4.8,4.75,3.75,0,4.4,5,4.8,4.8,5.08,4.42,4.42,4.7,4.7,4.2,5,4.26,4.4,4.7,4.7,4.7,5,4.5,4.5,4.75,4.25,4.9,4.6,4.65,4.9,4.5,4.5,4.4,4.8,4.8,4.75,4.65,4.7,4.5,4.75,4.6,4.5,4.5,4.89,4.75,0,4.7,4.1,4.5,5.2,5.05,5.05,4.85,5.2,5.25,4.64,4.33,4.61,5.2,4.8,4.8,4.33,5.1,4.85,4.33,4.9,5,5,4.5,4.8,4.5,0,7,7.5,7.5,6.6,6.5,7,7.25,0,6.5,7.2,7,7.25,7.5,6.2,6.5,8,6.5,5.65,6.75,6.6,6.6,7.25,6.2,6.2,7.2,6.7,6.55,8.2,8,6.8,7.2,7.5,6.75,7.65,6.5,7,7.5,6.5,6.5,7.6,6.3,7.4,7,6.5,7.5,0,6.75,0,6.9,6.25,6.55,7.2,0,6.8,7.1,8.2,7.2,7,6.65,7,7,6.5,8,7,6.67,7.23,7,7,7,7,7,7,6.75,7.25,6.25,7.25,6.04,7,6.95,7.2,8.5,6.5,6.83,7.2,7.2,7.2,6.7,7.65,7.2,7.2,6.8,0,7.5,6.8,6.9,7.6,7.25,6.25,6.5,5.95,6.79,7,7,6.5,6,0,7.2,6.5,7.5,7.5,7.85,7.3,7.3,6.8,6.8,6.15,6.5,7.06,6.75,6.8,6.8,6.9,6.5,7,7.3,6.5,6.1,7.5,7.25,7,6.35,7,7,7.4,7.5,7.5,6.75,6.7,6.8,6.5,7.5,6.7,7,6.5,7.05,6.8,0,7,5.9,6,7.9,6.35,6.35,6.4,6.7,7.25,7.49,6.5,6.68,6.75,7.5,7.5,6.5,7.7,6.9,6.5,7.5,6.75,6.75,7.4,7,6.75
RB Leipzig,Stuttgart,5,1,H,1,1.5,1.33,1.44,1.44,1.4,1.5,1.4,1.38,1.46,1.39,1.3,1.47,1.44,1.49,1.44,1.48,1.45,1.71,1.5,1.49,1.43,1.47,1.49,1.36,1.39,1.4,1.3,1.47,1.48,1.42,1.36,1.44,1.48,1.53,1.44,1.42,1.44,1.46,1.48,1.36,0,0,0,0,0,0,1.48,0,1.41,1.46,1.45,1.39,1.3,1.48,1.38,1.47,1.48,1.4,0,1.44,1.47,1.51,1.48,1.49,1.47,1.47,1.5,1.35,1.35,1.48,1.48,1.48,0,1.49,1.42,1.49,1.46,1.32,1.38,1.45,0,1.45,1.38,1.47,1.47,1.47,1.5,1.44,1.42,1.5,1.47,0,1.49,1.5,1.4,0,1.47,1.5,1.5,1.4,1.39,1.44,1.44,1.45,1.32,0,1.39,1.44,1.36,1.36,1.44,1.39,1.39,1.48,1.47,1.45,1.44,1.38,1.32,1.47,1.47,1.5,1.44,1.36,1.48,0,1.42,1.39,1.47,1.41,1.47,1.36,1.36,1.4,1.36,1.36,1.43,1.48,1.48,1.45,1.44,1.47,1.4,1.45,1.49,1.5,0,1.32,1.4,1.5,0,1.44,1.44,1.57,1.35,1.48,1.48,1.48,1.46,1.43,1.36,1.44,0,0,1.45,1.4,1.39,1.35,1.42,1.41,0,1.24,0,4.5,5,4.4,4.5,4.5,4.8,4.8,4.25,4.5,4.4,5,4.4,4.4,4.75,4.7,4.75,4.4,4.06,4.5,4.5,4.45,4.4,4.75,4.3,4.4,4.2,4.88,4.5,4.75,4.2,5.15,4.7,4.6,4.81,4.7,4.75,4.3,4.75,4.7,5.25,0,0,0,0,0,0,4.6,0,5,4.45,4.4,4.8,4.57,4.6,4.7,4.5,4.7,4.5,0,4.5,4.5,4.6,4.75,4.7,4.5,4.75,4.33,5,5,4.7,4.7,4.7,0,4.5,4,4.5,4.35,4.7,4.65,4.2,0,4.65,4.52,4.2,4.6,4.6,4.5,5.1,4.8,4.8,4.5,0,4.6,4.65,4.8,0,4.4,4.55,4.6,4.05,4.31,4.9,4.9,4.5,4.1,0,4.2,4.6,5.25,5.05,5.1,4.92,4.92,4.5,4.6,4.05,4.7,4.72,4.7,4.5,4.5,4.6,4.6,4.5,4.5,0,4.15,4.92,4.4,4.4,4.6,4.7,4.5,4.8,5.25,5.25,4.75,4.6,4.6,4.5,4.6,4.45,4.5,4.5,4.64,4.5,0,4.7,4.05,4.3,0,4.5,4.5,4.65,5.3,5,4.45,4.5,4.48,4.6,5.25,4.7,0,0,4.55,4.33,4.92,4.4,4.2,5,0,5,0,6,8.5,7,6.1,7,6,7.75,5.6,6.2,7.5,8.5,6.75,7,5.9,6.75,6.5,6,4.87,6,5.85,5.35,6.75,5.9,7.4,7.5,5.6,7.75,6.2,6.5,5.8,8.2,6.75,6,6.46,6.75,7.5,6.1,7,6.5,7.75,0,0,0,0,0,0,6,0,7.9,5.8,6.1,7.6,6.6,6,7.4,6.2,6.4,7,0,6.5,6.4,6.35,6.5,6.4,6.33,7,5.5,7,7,6,6,6,0,6.25,6,6.25,6.24,7,7.3,6.5,0,6.25,7.05,6.2,6.2,6.2,6,8.05,7.4,6.6,5.8,0,6.6,6.1,7.8,0,6.75,5.5,6,5.53,5.56,6.4,6.4,6.25,6.4,0,5.6,6.75,7.75,7.7,8.05,7.6,7.6,6.2,6.2,5.15,6.75,7.41,7.25,5.9,5.9,6.4,6.75,7,6,0,5.7,7.7,6.75,5.7,6.15,7.25,7,7.8,7.75,7.75,6.5,6,5.95,6.5,6.5,5.8,7,6,6.1,6.1,0,7,5.3,5.7,0,6.35,6.35,5.9,8,6.5,6.2,6.25,6.17,6.5,7.75,6.75,0,0,6.4,5.5,7.6,6.75,5.7,7.8,0,7.5
Bochum,Dortmund,1,1,D,0,6.5,9,6.5,5.9,4.8,6.1,4.9,5.9,6,7.3,7.25,6.75,6.5,5.9,7,7,5.8,4.97,7,6.55,6.6,6.75,5.9,7.2,7.3,6.1,4.89,6.8,7,7.4,6.4,7,6.6,6.62,7,5,6.5,7,7,5.3,5.2,6,7,6.5,5,6.8,6.6,7,7,6.2,5.85,4.9,5.95,6.1,4.9,7.4,7.2,9,6.15,7,5.9,6.85,7,12,6,9.42,6,4.5,4.5,6,6,6,9,7,6,7,6.15,4.5,4.8,6.4,7,6,4.75,7.4,6.1,6.1,6.2,5.19,5,6.4,6.2,6.75,6.6,6.2,6.3,6.2,6.75,6,6,5.34,5.9,6.6,6.6,6.75,4.3,6.66,6,7,5,4.9,5.19,4.98,4.98,6,6,5.8,7,4.88,9,6,6,6.2,7,7,6.9,5.85,5.5,5,6.75,6,6.5,9.5,7,5,5,5,6,6.4,6.45,7,6.5,6,7.5,6,6.8,6.8,6.6,4.5,5.6,6.7,5.5,6.25,6.25,5.8,6.7,7.5,6.35,6.25,5.97,7,5,7,5.4,5.4,6.3,5.8,4.98,5.8,5.8,5,7.4,4.6,1,5,5.5,4.8,5,4.4,5.4,4.2,5,5,4.6,5,4.8,5,5.3,5.25,5.5,5,4.68,5.25,5.25,5.3,4.8,5.3,4.4,4.6,5,4.1,5.3,5.5,5.1,5.25,5.25,5.4,5.43,5.25,4.5,4.75,5.3,5.25,5.1,4.5,5.2,5.7,5,4.5,4.75,5.4,5.5,5.6,5.15,4.95,4.2,4.68,5.2,4.1,5.4,5.4,5.5,5.15,5,4.9,5.6,5.5,6.8,5,5.82,5,4.5,4.5,5.4,5.4,5.4,5.6,5,4.33,5,5.05,4.3,4.05,4.55,5.25,5.5,4,4.85,5.2,5.2,5.25,4.38,4.2,5.4,5.2,5.5,5,5.3,5.2,5.4,4.8,5.1,5,4.52,4.93,5.4,5.4,5.5,3.65,5,4.85,5.25,4.5,4.45,4.38,4.2,4.2,5.2,5.2,4.75,5.25,4.11,5.8,5.2,5.2,5.2,5.25,4.75,5.5,5,4.65,4.22,4.8,5.05,5.2,5.7,4.75,4.2,4.5,4.5,5,5.3,5.3,5.25,5.25,5.1,5,5,5.4,4.75,5.1,4.3,4.6,4.7,5.2,4.95,4.95,5.3,5.2,6,5.17,5,5.03,5.4,4.5,5.25,4.7,5.1,4.9,4.75,4.2,4.9,4.9,4.3,5.4,4.2,0,1.4,1.3,1.44,1.41,1.55,1.44,1.63,1.3,1.42,1.38,1.33,1.44,1.44,1.44,1.4,1.4,1.4,1.61,1.37,1.4,1.31,1.44,1.44,1.36,1.38,1.3,1.53,1.43,1.4,1.35,1.42,1.4,1.38,1.47,1.4,1.61,1.36,1.41,1.4,1.54,1.37,1.44,1.38,1.4,1.6,1.45,1.38,1.42,1.4,1.38,1.41,1.62,1.32,1.42,1.61,1.43,1.41,1.29,1.42,1.4,1.47,1.41,1.4,1.24,1.43,1.31,1.4,1.57,1.57,1.43,1.43,1.43,1.28,1.4,1.39,1.4,1.4,1.53,1.6,1.42,1.4,1.4,1.59,1.36,1.42,1.42,1.4,1.68,1.63,1.46,1.4,1.36,1.45,1.44,1.42,1.46,1.44,1.42,1.45,1.37,1.31,1.4,1.4,1.36,1.52,1.42,1.31,1.4,1.6,1.58,1.68,1.63,1.63,1.44,1.43,1.3,1.4,1.61,1.21,1.4,1.4,1.45,1.4,1.33,1.4,1.44,1.38,1.63,1.44,1.34,1.4,1.24,1.33,1.62,1.6,1.6,1.43,1.4,1.4,1.38,1.4,1.4,1.33,1.4,1.39,1.45,1.42,1.53,1.33,1.4,1.56,1.39,1.4,1.52,1.4,1.38,1.41,1.42,1.42,1.34,1.6,1.4,1.39,1.55,1.42,1.35,1.62,1.35,1.35,1.64,1.38,1.47
Darmstadt,Union Berlin,1,4,A,0,3.5,3.3,3.7,3.25,3.25,3.6,3.3,3.25,3.25,3.3,3.25,3.7,0,3.45,3.6,3.75,3.2,3.35,3.9,3.75,3.5,3.3,3.45,2.9,3.25,3.75,3.2,3.1,3.75,3.4,3.35,3.6,3.75,3.83,3.6,3.3,0,3.65,3.6,3.41,3.08,3.37,3.3,3.5,3.25,3.35,3.75,4.15,3.4,3.7,3.2,3.3,3.07,3.5,3.3,3.1,3.7,3.3,3.35,3.6,4,4.1,3.75,3.35,3.25,3.36,3.6,3.1,3.1,3.3,3.3,3.3,3.35,3.75,3.1,3.75,3.19,3.1,3.25,3.3,3.35,3.65,3.19,3.7,3.55,3.55,3.75,3.47,3.3,3.4,3.7,3.75,3.4,3.8,3.35,3.45,3.3,3.55,3.4,3.02,3.64,3.85,3.85,3.75,3,3.8,3.6,3.6,3.25,3.26,3.47,3.34,3.34,3.3,3.25,3.5,3.6,3.28,3.15,3.7,3.7,3.3,3.6,3.3,3.4,3.25,3.1,3.34,3.3,3.8,3.75,3.3,3.3,3.35,3.25,3.25,3.25,3.8,3.75,3.6,3.4,3.6,3.3,3.6,3.8,3.3,4.05,3.1,3.35,3.5,3.51,3.23,3.23,3.3,3.5,4.05,3.69,3.5,3.24,4,3.25,3.6,3.14,3.47,3.3,3.3,3.34,3.1,3.1,3.35,3.35,3.1,0,3.3,3.5,3.3,3.4,3.4,3.6,3.3,3.4,3.5,3.3,3.5,3.4,0,3.5,3.6,3.6,3.4,3.42,3.45,3.4,3.2,3.5,3.5,3.4,3.5,3.2,3.21,3.15,3.6,3.3,3.5,3.6,3.5,3.73,3.6,3.5,0,3.6,3.6,3.5,3.14,3.45,3.5,3.3,3.5,3.5,3.5,3.55,3.4,3.4,3.4,3.3,3.15,3.45,3.3,3.15,3.4,3.3,3.4,3.4,3.35,3.5,3.6,3.55,3.5,3.46,3.5,3.4,3.4,3.55,3.55,3.55,3.25,3.5,3.25,3.5,3.5,3.25,3.25,3.35,3.5,3.55,3.24,3.45,3.5,3.5,3.45,3.47,3.4,3.55,3.45,3.45,3.5,3.55,3.45,3.51,3.5,3.45,3.4,3.18,3.25,3.55,3.55,3.45,3,3.5,3.3,3.6,3.5,3.48,3.47,3.34,3.34,3.4,3.45,3.2,3.6,3.29,3.35,3.45,3.45,3.5,3.6,3.3,3.4,3.4,3.25,3.34,3.5,3.35,3.5,3.3,3.3,3.35,3.5,3.5,3.45,3.5,3.5,3.5,3.4,3.4,3.3,3.4,3.5,3.45,3.4,3.25,3.15,3.5,3.59,3.42,3.42,3.55,3.4,3.7,3.47,3.4,3.42,3.45,3.5,3.6,3.2,3.53,3.4,3.2,3.34,3.25,3.25,3.4,3.4,3.25,1,2.1,2.15,2.05,2.1,2.1,2.08,2.2,2.13,2.01,2.1,2.15,2.05,0,2.09,2.02,2,2.12,2.15,1.95,1.97,1.96,2.1,2.09,2.17,2.01,1.82,2.09,1.97,2,1.82,2.14,2.02,1.98,2.06,2.02,2.2,0,2.04,2.02,2.19,2.02,2.16,2.2,2.1,2.2,2.15,1.98,1.97,2.23,1.93,2.12,2.19,2.01,2.07,2.17,1.97,2,2.1,2.13,2.05,1.99,1.98,2,2.19,2.14,2.2,1.95,2.15,2.15,2.15,2.15,2.15,2.15,1.95,2,1.95,2.1,2.07,2.15,2.03,2.15,2,2.14,1.89,2.05,2.05,1.95,2.28,2.21,2.2,1.97,1.95,2.16,2,2.15,2.19,2.1,2,2.1,2.02,1.81,1.97,1.97,1.95,2.03,2,1.8,2,2.2,2.14,2.28,2.2,2.2,2.18,2.15,1.85,2.02,2.17,2.02,1.95,1.95,2.15,2,2.1,2.2,2.17,2.05,2.2,2.1,1.83,1.97,2.05,2.1,2.2,2.2,2.2,2.15,1.96,1.97,2,2.1,1.97,2.1,2,1.99,2.18,1.98,2.07,1.85,2,2.23,2.14,2.14,2.3,2.1,1.94,1.99,2.05,2.13,1.88,2.2,2.02,2.05,2.21,2.14,1.95,2.19,2.05,2.05,2.23,2.2,1.98
FC Koln,Wolfsburg,1,2,A,0,2.2,2.38,2.25,2.2,2.38,2.29,2.4,0,2.22,2.25,2.3,2.25,2.25,2.21,2.25,2.25,2.2,2.54,2.2,2.22,2.2,2.2,2.21,2.42,2.25,2.12,2.3,2.06,2.25,2.08,2.14,2.25,2.23,2.33,2.25,2.4,0,2.28,2.25,2.15,1.98,2.12,2.25,2.2,2.45,2.18,2.23,2.4,2.28,2.18,2.2,2.4,2.21,2.23,2.38,2.06,2.32,2.15,2.23,2.25,2.2,2.34,2.25,2.27,2.22,2.4,2.25,2.38,2.38,2.25,2.25,2.25,2.4,2.2,2.1,2.2,2.27,2.3,2.36,2.16,0,2.3,2.34,2.17,2.25,2.25,2.2,2.5,2.42,2.3,2.25,2.25,2.22,2.26,2.18,2.15,2.2,2.25,2.2,2.1,2.13,2.24,2.24,2.25,2.21,2.36,2.09,2.25,2.45,2.36,2.5,2.41,2.41,2.26,2.23,2.15,2.25,2.38,2.25,2.2,2.2,2.25,2.25,2.1,2.28,2.22,2.15,2.41,2.2,2.15,2.27,2.1,2.1,2.4,2.45,2.45,2.23,2.23,2.21,2.3,2.2,2.15,2.15,2.2,2.29,2.18,2.32,2.3,2.05,2.2,2.19,2.18,2.18,2.4,2.4,2.24,2.28,2.25,2.22,2.26,2.45,2.25,2.01,2.16,2.18,2.1,2.41,2.1,2.1,2.44,2.45,2.17,0,3.4,3.4,3.5,3.5,3.3,3.7,3.3,0,3.5,3.4,3.15,3.5,3.5,3.7,3.65,3.75,3.5,3.44,3.45,3.4,3.48,3.5,3.7,3.3,3.4,3.3,3.2,3.3,3.75,3.25,3.7,3.65,3.5,3.81,3.65,3.4,0,3.7,3.65,3.69,3.3,3.63,3.6,3.4,3.4,3.6,3.5,3.6,3.6,3.4,3.5,3.3,3.15,3.5,3.3,3.3,3.5,3.5,3.5,3.5,3.45,3.57,3.75,3.65,3.6,3.46,3.3,3.3,3.3,3.65,3.65,3.65,3.25,3.5,3.25,3.5,3.5,3.2,3.25,3.45,0,3.5,3.22,3.45,3.6,3.6,3.45,3.47,3.4,3.65,3.4,3.45,3.65,3.55,3.6,3.71,3.5,3.25,3.4,3.27,3.29,3.5,3.5,3.45,3,3.4,3.4,3.6,3.4,3.44,3.47,3.34,3.34,3.5,3.55,3.25,3.65,3.28,3.3,3.45,3.45,3.6,3.6,3.4,3.6,3.5,3.35,3.34,3.5,3.4,3.45,3.4,3.4,3.35,3.4,3.4,3.55,3.5,3.5,3.5,3.5,3.4,3.5,3.6,3.55,3.55,3.45,3.2,3.2,3.3,3.79,3.57,3.57,3.7,3.3,3.75,3.58,3.45,3.51,3.4,3.4,3.65,3.37,3.74,3.6,3.3,3.34,3.35,3.35,3.4,3.35,3.2,1,3.2,2.9,3,3,2.8,3,2.95,0,3,2.95,2.9,3,3,3.05,2.95,3.1,2.95,2.86,3.15,3.1,2.75,3.1,3.05,2.61,2.95,2.83,2.82,2.8,3.1,2.76,3.2,2.95,3.05,3.09,2.95,2.9,0,3,2.95,3.35,3.01,3.3,3.1,3.2,2.9,3.2,3.05,2.9,3.1,3.05,2.95,2.95,2.72,3.1,2.9,2.8,3.05,3,3.1,3,3.15,3.05,3.1,3.1,3,2.98,3,2.8,2.8,3.05,3.05,3.05,2.7,3.1,2.9,3.1,2.87,2.77,2.85,3.1,0,3,2.84,3.05,3,3,3.1,3.06,2.95,3.1,3.05,2.95,3.15,3.15,3.2,3.36,3.1,3.15,3.2,2.8,2.79,3.15,3.15,2.95,2.65,3,2.75,2.95,2.9,2.88,3.06,2.95,2.95,3.05,3,2.75,2.95,2.9,2.75,3.1,3.1,3.1,2.95,3,3.1,3,2.85,2.95,3.1,2.9,3.03,3,3,2.95,2.9,2.9,3,3.1,3.1,3,3.1,3.05,3,2.9,3.05,3.2,3.05,2.77,2.85,3.1,3.45,3.03,3.03,3,3,3.15,2.89,3.1,2.99,2.97,2.9,2.95,3.07,3.39,3.05,2.88,2.95,2.85,2.85,3,2.95,2.75
Freiburg,Werder Bremen,1,0,H,1,1.67,1.57,1.67,1.65,1.8,1.69,1.83,0,1.66,1.65,1.57,1.63,1.67,1.68,1.65,1.68,1.65,1.71,1.65,1.67,1.6,1.68,1.68,1.64,1.65,1.72,1.7,1.64,1.68,1.67,1.69,1.65,1.67,1.72,1.65,1.87,1.57,1.67,1.65,1.71,1.6,1.69,1.7,1.67,1.73,1.7,1.67,1.69,1.75,1.65,1.65,1.82,1.57,1.67,1.8,1.64,1.76,1.65,1.67,1.62,1.7,1.69,1.68,1.7,1.67,0,1.67,1.73,1.73,1.69,1.69,1.69,1.56,1.63,1.61,1.63,1.68,1.65,1.79,1.6,1.62,1.66,1.79,1.64,1.67,1.67,1.67,1.89,1.84,1.72,1.67,1.65,1.69,1.69,1.68,1.71,1.68,1.65,1.7,1.59,1.56,1.68,1.68,1.65,1.7,1.7,1.55,1.65,1.73,1.74,1.89,1.82,1.82,1.69,1.67,1.6,1.65,1.8,1.57,1.65,1.65,1.7,1.65,1.62,1.62,1.68,1.61,1.82,1.68,1.59,1.66,1.62,1.57,1.8,1.73,1.73,1.67,1.67,1.67,1.65,1.62,1.65,1.62,1.65,1.68,1.7,1.7,1.65,1.57,1.7,1.74,1.64,1.64,1.77,0,1.66,1.68,1.67,1.66,1.64,1.73,1.65,1.62,1.72,1.76,1.55,1.82,1.62,1.62,1.84,1.63,1.62,0,3.75,4.2,3.9,3.9,3.6,4.1,3.7,0,3.95,3.85,4,4.1,3.9,4.05,4.1,4.2,3.85,3.99,3.9,3.9,3.85,4,4.05,3.8,3.85,3.5,3.68,4,4.2,3.9,4.1,4.1,3.95,4.24,4.1,3.8,3.8,4.1,4.1,4,3.52,3.92,4.1,3.75,4.1,3.95,3.95,4.05,4,3.85,3.85,3.7,3.77,3.95,3.65,4,4,4,3.95,4,3.95,4.22,4.2,4.1,4,0,4,4,4,4.1,4.1,4.1,4.1,4.1,3.7,4.1,3.9,3.9,3.6,3.95,4,3.95,3.58,3.85,4.1,4.1,3.9,3.88,3.75,4.2,3.9,4,4,4,3.95,4,4,3.95,4,3.64,3.72,4,4,4,3.3,4,3.75,4,4.1,4.05,3.88,3.72,3.72,3.9,3.95,3.6,4.1,3.66,3.9,3.95,3.95,4,4,4,4.3,3.9,3.7,3.72,4,3.85,3.95,4,3.8,3.75,4.1,4.1,3.95,3.95,3.95,4,4.2,3.85,3.9,4,4,3.95,3.85,3.9,3.55,3.8,4.1,4.05,4.05,4.15,0,4.25,3.93,3.95,3.91,4,4.1,4.1,3.6,4,4,3.8,3.72,3.7,3.7,3.8,4.3,3.7,0,5,5.5,4.8,4.7,4,4.9,4.2,0,4.6,4.65,5,5,4.8,4.8,4.9,4.75,4.6,4.99,5,4.75,4.5,4.75,4.8,4.4,4.65,3.8,4.1,5.2,4.75,4.8,4.65,4.9,4.8,5.01,4.9,4.25,4.75,5,4.9,5,4.33,4.9,4.9,5,4.4,4.9,4.8,5.1,4.7,4.7,4.65,4.2,4.2,4.75,4.1,5.2,5.1,5,4.75,5,4.6,4.85,4.75,4.9,4.75,0,4.33,4,4,4.8,4.8,4.8,5.4,5,4.33,5,4.69,4,4.1,4.95,5.5,4.8,3.99,4.7,4.6,4.6,4.75,4.39,4.2,5,4.8,4.75,5,4.85,4.9,5,4.75,4.75,4.8,4.23,4.45,4.9,4.9,4.75,3.7,4.75,4.45,4.8,4.4,4.15,4.39,4.22,4.22,4.8,4.8,4.35,4.9,4.12,4.6,4.8,4.8,4.9,4.8,5,5.3,4.75,4.4,4.22,4.75,4.6,4.87,5,4.75,4.3,4.4,4.4,4.75,4.8,4.8,5,5,4.65,5,4.5,4.9,4.9,5,4,4.33,4.5,5.2,4.65,4.65,4.65,0,5.25,4.75,4.75,4.69,4.7,4.4,4.9,4.5,5.1,4.1,4.6,4.22,4.4,4.4,4.3,5.1,4
Heidenheim,Hoffenheim,2,3,A,0,3.1,3.2,3,2.95,3.1,3,3.2,0,2.95,3.4,3,3.3,3,2.97,2.85,2.95,2.95,3.33,3.1,3.05,2.7,3,2.97,3.05,3.4,3,3.1,2.86,2.95,2.84,2.86,2.95,3.05,3.04,2.85,3.2,2.88,2.85,0,3.41,3.06,3.35,3,3.1,3.2,2.87,3.05,3,3.1,3,2.95,3.2,3,3,3.2,2.86,3,3,3,3,2.88,2.96,2.95,3.05,3,3,2.88,3.1,3.1,3,3,3,3.25,3,2.8,3,3.11,3,3.15,3.05,3.1,2.9,3.11,2.99,2.95,2.95,3.05,3.37,3.25,3.1,3,2.85,3,3.1,2.9,3.41,3,3.1,3,2.77,2.78,3.1,3.1,2.85,2.9,2.9,2.75,2.95,3.2,3.14,3.37,3.24,3.24,3,3,2.8,2.85,3.19,3.1,3,3,3,2.85,2.9,3.05,2.95,2.8,3.24,3,2.9,2.96,2.9,2.9,3.25,3.2,3.2,3.1,3.05,3.05,3,3.1,3,3,2.9,3.1,2.85,3,3,2.8,3,3.5,2.84,2.84,2.9,2.85,3.2,2.87,3,2.96,2.87,3.2,2.95,3.12,3.45,2.82,3,3.24,2.8,2.8,3.3,3.3,3,0,3.4,3.8,3.5,3.45,3.7,3.7,3.6,0,3.5,3.55,3.5,3.6,3.5,3.65,3.65,3.75,3.45,3.58,3.45,3.45,3.53,3.6,3.65,3.4,3.55,3.45,3.5,3.55,3.75,3.5,3.65,3.65,3.55,3.78,3.65,3.7,3.7,3.65,0,3.66,3.28,3.6,3.6,3.4,3.7,3.7,3.55,3.75,3.5,3.45,3.45,3.6,3.45,3.5,3.55,3.55,3.75,3.5,3.5,3.5,3.5,3.81,3.75,3.6,3.5,3.75,3.5,3.75,3.75,3.6,3.6,3.6,3.5,3.6,3.3,3.6,3.6,3.55,3.55,3.5,3.5,3.6,3.49,3.5,3.7,3.7,3.5,3.78,3.65,3.65,3.5,3.65,3.55,3.55,3.65,3.68,3.6,3.3,3.4,3.24,3.36,3.55,3.55,3.65,3.25,3.6,3.45,3.7,3.7,3.74,3.78,3.64,3.64,3.45,3.5,3.25,3.65,3.57,3.55,3.5,3.5,3.6,3.6,3.5,3.5,3.5,3.3,3.64,3.6,3.45,3.65,3.45,3.5,3.65,3.7,3.7,3.65,3.5,3.5,3.5,3.5,3.45,3.5,3.6,3.55,3.65,3.6,3.55,3.2,3.3,3.76,3.58,3.58,3.7,3.6,3.75,3.63,3.45,3.49,3.75,3.7,3.65,3.34,3.7,3.65,3.3,3.64,3.3,3.3,3.7,3.7,3.45,1,2.25,2.05,2.25,2.2,2.05,2.29,2.15,0,2.25,1.98,2.05,2.1,2.3,2.27,2.33,2.3,2.2,2.1,2.25,2.24,2.2,2.25,2.27,2.1,1.98,1.98,2.02,2.24,2.3,2.14,2.34,2.25,2.24,2.37,2.33,2.16,2.35,2.33,0,2.14,1.97,2.11,2.3,2.25,2.15,2.32,2.24,2.3,2.34,2.2,2.22,2.12,1.93,2.25,2.1,2.24,2.28,2.2,2.25,2.3,2.38,2.3,2.3,2.31,2.25,2.3,2.25,2.05,2.05,2.3,2.3,2.3,2.1,2.25,2.15,2.25,2.1,2,2.09,2.16,2.25,2.3,2.08,2.18,2.2,2.2,2.25,2.21,2.14,2.35,2.2,2.25,2.31,2.27,2.3,2.14,2.25,2.25,2.3,2.13,2.11,2.25,2.25,2.25,1.97,2.33,2.07,2.25,2.15,2.1,2.21,2.13,2.13,2.29,2.27,2.1,2.33,2.1,1.98,2.2,2.2,2.3,2.3,2.2,2.34,2.27,2.15,2.13,2.25,2.1,2.23,2.15,2.2,2.12,2.15,2.15,2.14,2.23,2.23,2.3,2.2,2.2,2.2,2.2,2.25,2.35,2.27,2,2.1,2.3,2.18,2.28,2.28,2.47,2.35,2.22,2.28,2.25,2.25,2.2,2.15,2.25,2,2.15,2.3,2.05,2.12,2.15,2.15,2.16,2.12,1.93
M'gladbach,Leverkusen,0,3,A,0,3.4,2.9,3.25,3.15,2.88,3.3,2.95,0,3.15,3.05,2.9,3.1,3.3,3.2,3.15,3.5,3.15,3.4,3.6,3.45,3.1,3.25,3.2,2.72,3.05,3.8,2.81,3.2,3.5,3.5,3.35,3.45,3.45,3.74,3.15,2.9,3.4,3.2,3.15,3.47,3.12,3.41,3.3,3.4,2.95,3.3,3.45,3.7,3.5,3.4,3.15,2.95,2.71,3.25,2.91,3.2,3.7,3.25,3.25,3.4,4.1,3.6,3.5,3.25,3.2,3.25,3.3,2.88,2.88,3.2,3.2,3.2,2.95,3.3,3,3.3,3.19,2.8,2.9,3.25,0,3.4,2.85,3.2,3.2,3.2,3.3,3.07,2.95,3.3,3.45,3.5,3.35,3.35,3.35,3.5,3.25,3.3,3.2,2.96,3.23,3.45,3.45,3.6,2.65,3.75,3.2,3.15,2.95,2.92,3.07,2.96,2.96,3.25,3.2,3.2,3.15,2.91,2.77,3.3,3.3,3.2,3.15,3.2,3.3,3.2,3,2.96,3.25,3.45,3.23,3.2,3.2,2.95,2.95,2.95,3.2,3.4,3.3,3.4,3.4,3.15,3.25,3.1,3.45,3.4,3.55,2.8,3.05,3.3,3.57,3.28,3.28,3.15,3,3.65,3.08,3.25,3.17,3.6,2.95,3.45,3.18,3.52,3.25,3.2,2.96,3,3,3,2.96,2.77,0,3.5,3.7,3.7,3.6,3.6,4,3.6,0,3.65,3.45,3.6,3.7,3.75,3.9,3.9,4,3.6,3.81,3.8,3.8,3.6,3.7,3.9,3.3,3.45,3.9,3.5,3.9,4,4,3.92,3.95,3.9,4.16,3.9,3.7,3.8,3.95,3.9,3.9,3.47,3.84,3.8,3.5,3.7,3.9,3.9,4,3.8,3.8,3.6,3.6,3.38,3.65,3.6,3.9,4.2,3.7,3.65,3.75,4,4.16,4,3.75,3.67,3.75,4,3.75,3.75,3.75,3.75,3.75,3.5,3.9,3.4,3.9,3.65,3.55,3.55,3.6,0,3.9,3.5,3.9,3.85,3.85,3.75,3.78,3.65,3.8,3.85,3.85,3.8,3.8,3.85,3.92,3.7,3.8,3.6,3.38,3.68,3.8,3.8,3.9,3.25,4,3.7,3.9,3.7,3.7,3.78,3.64,3.64,3.6,3.7,3.6,3.9,3.58,3.5,3.75,3.75,3.7,3.9,3.6,3.8,3.65,3.45,3.64,3.7,3.85,3.8,3.6,3.6,3.65,3.7,3.7,3.7,3.8,3.75,3.75,3.6,3.65,3.7,3.8,3.85,3.8,3.8,3.55,3.4,3.3,4,3.79,3.79,3.85,3.6,4.15,3.83,3.6,3.64,3.95,3.7,3.95,3.55,3.95,3.8,3.7,3.64,3.45,3.45,3.7,3.7,3.45,1,2.05,2.25,2.05,2.05,2.2,2.08,2.3,0,2.08,2.18,2.15,2.15,2.05,2.07,2.08,1.98,2.08,2,1.92,1.95,1.96,2.05,2.07,2.33,2.18,1.64,2.17,2,1.98,1.91,2.01,1.97,1.95,1.97,2.08,2.31,2,2.1,2.08,2.03,1.88,2.01,2.15,2.05,2.25,2.05,1.95,1.95,2.04,1.92,2.07,2.26,2.1,2.1,2.24,2,1.95,2,2.1,2,1.76,1.94,1.98,2.14,2.1,2.15,1.91,2.15,2.15,2.1,2.1,2.1,2.25,2,1.98,2,2.05,2.12,2.22,2.03,0,1.95,2.2,1.96,2.05,2.05,2,2.35,2.29,2.15,1.92,1.91,2.09,2.07,2.03,2.04,2.05,2,2.1,1.98,1.81,2,2,1.9,2.09,1.87,1.81,2.08,2.25,2.22,2.35,2.27,2.27,2.12,2.1,1.85,2.08,2.24,2.15,2,2,2.1,2.08,2,2.1,2.1,2,2.27,2.05,1.78,2.05,2,2,2.25,2.25,2.25,2.1,1.98,2.02,2,2.05,2.05,2,2.05,1.99,2.02,1.98,2.12,1.9,2.15,2.07,2,2,2.25,2.25,1.93,2.11,2.1,2.08,1.85,2.25,1.97,1.91,2.05,2.02,1.85,2.27,2,2,2.3,2.3,2.05
Mainz,Ein Frankfurt,1,1,D,0,2.63,2.38,2.6,2.55,2.38,2.6,2.4,2.24,2.6,2.45,2.3,2.55,2.6,2.6,2.6,2.65,2.55,2.35,2.6,2.6,2.47,2.55,2.6,2.43,2.45,2.27,2.3,2.54,2.65,2.52,2.58,2.6,2.6,2.67,2.6,2.4,0,2.6,0,0,0,0,2.6,0,2.38,0,2.6,0,2.47,2.55,2.55,2.4,2.21,2.6,2.38,2.54,2.58,2.55,0,2.6,2.4,2.45,2.65,2.65,2.6,2.6,2.6,2.38,2.38,2.6,2.6,2.6,0,2.6,2.4,2.6,2.5,2.3,2.36,2.59,0,2.6,2.34,2.58,2.55,2.55,2.6,2.5,2.44,2.7,2.55,0,2.65,2.64,2.6,0,2.55,2.6,2.6,2.43,2.27,2.6,2.6,2.55,2.21,0,2.26,2.6,2.38,2.38,2.5,2.42,2.42,2.65,2.6,2.25,2.6,2.38,2.32,2.6,2.6,2.6,2.6,2.5,0,2.6,2.45,2.42,2.55,2.3,2.58,2.5,2.55,2.4,2.38,2.38,2.6,2.6,2.6,2.6,2.6,2.55,2.55,2.5,2.46,2.57,0,2.3,2.4,2.6,0,2.57,2.57,2.8,2.6,2.37,2.57,2.63,2.58,2.33,2.38,2.6,0,0,2.56,2.38,2.42,2.45,2.45,2.45,0,2.17,1,3.4,3.6,3.5,3.3,3.5,3.7,3.5,3.3,3.3,3.25,3.5,3.4,3.5,3.65,3.7,3.6,3.3,3.51,3.45,3.4,3.48,3.4,3.65,3.15,3.25,3.3,3.4,3.65,3.6,3.6,3.66,3.7,3.45,3.79,3.7,3.6,0,3.75,0,0,0,0,3.5,0,3.7,0,3.45,0,3.6,3.4,3.3,3.5,3.28,3.4,3.5,3.65,3.6,3.5,0,3.5,3.45,3.7,3.6,3.4,3.33,3.5,3.4,3.6,3.6,3.45,3.45,3.45,0,3.5,3.1,3.5,3.55,3.4,3.45,3.25,0,3.6,3.4,3.25,3.55,3.55,3.4,3.68,3.55,3.45,3.45,0,3.45,3.5,3.6,0,3.4,3.6,3.4,3.1,3.33,3.5,3.5,3.65,3.15,0,3.4,3.7,3.7,3.64,3.68,3.52,3.52,3.3,3.35,3.3,3.7,3.48,3.35,3.45,3.45,3.4,3.7,3.4,0,3.37,3.15,3.54,3.4,3.4,3.5,3.4,3.4,3.55,3.7,3.7,3.37,3.45,3.45,3.5,3.6,3.35,3.5,3.6,3.55,3.7,0,3.4,3.15,3.3,0,3.48,3.48,3.6,3.7,3.8,3.64,3.35,3.32,3.55,3.7,3.7,0,0,3.5,3.25,3.52,3.15,3.15,3.6,0,3.35,0,2.6,2.75,2.55,2.6,2.7,2.6,2.8,2.57,2.6,2.75,2.75,2.65,2.55,2.54,2.55,2.6,2.6,3.09,2.6,2.6,2.42,2.65,2.54,2.69,2.75,2.6,2.68,2.5,2.6,2.54,2.56,2.55,2.57,2.65,2.55,2.8,0,2.55,0,0,0,0,2.7,0,2.8,0,2.57,0,2.8,2.52,2.6,2.8,2.61,2.6,2.76,2.5,2.54,2.5,0,2.6,2.9,2.8,2.6,2.7,2.63,2.7,2.5,2.63,2.63,2.65,2.65,2.65,0,2.6,2.5,2.6,2.54,2.6,2.75,2.59,0,2.55,2.71,2.61,2.6,2.6,2.6,2.91,2.8,2.7,2.55,0,2.67,2.62,2.55,0,2.65,2.5,2.6,2.46,2.56,2.6,2.6,2.45,2.55,0,2.5,2.55,2.8,2.73,2.91,2.81,2.81,2.65,2.65,2.55,2.55,2.76,2.65,2.55,2.55,2.7,2.55,2.5,0,2.65,2.5,2.81,2.65,2.65,2.58,2.5,2.5,2.8,2.8,2.8,2.65,2.61,2.61,2.6,2.5,2.55,2.5,2.5,2.75,2.55,0,2.6,2.4,2.6,0,2.55,2.55,2.6,2.5,2.9,2.51,2.63,2.62,2.76,2.8,2.55,0,0,2.58,2.5,2.81,2.5,2.5,2.85,0,2.62
Bayern Munich,Augsburg,3,1,H,1,1.09,1.1,1.1,1.09,1.08,1.12,1.12,0,1.1,1.09,1.08,1.1,1.1,1.11,1.07,1.09,1.1,1.09,1.09,1.1,1.04,1.1,1.11,1.1,1.09,1.04,1.05,1.09,1.09,1.12,1.1,1.07,1.1,1.1,1.07,1.14,1.09,1.08,0,0,0,0,1.11,0,1.13,0,1.1,0,1.08,1.09,1.1,1.12,1.09,1.1,1.11,1.09,1.12,1.08,0,1.09,1.08,1.1,1.09,1.11,1.1,1.13,1.1,1.13,1.13,1.11,1.11,1.11,0,1.1,1.08,1.1,1.09,1.08,1.11,1.09,0,1.1,1.1,1.09,1.08,1.08,1.11,1.14,1.13,1.12,1.08,0,1.11,1.12,1.1,0,1.1,1.1,1.12,1.07,1.05,1.1,1.1,1.08,1.08,0,1.01,1.06,1.13,1.12,1.14,1.1,1.1,1.11,1.1,1.06,1.07,1.11,1.07,1.08,1.08,1.1,1.06,1.06,0,1.11,1.08,1.1,1.1,1.05,1.08,1.06,1.06,1.12,1.13,1.13,1.1,1.1,1.1,1.08,1.06,1.09,1.06,1.1,1.1,1.1,0,1.08,1.05,1.1,0,1.09,1.09,1.17,1.12,1.08,1.1,1.09,1.1,1.05,1.13,1.07,0,0,1.09,1.04,1.1,1.08,1.08,1.13,0,1.04,0,10,9.5,10,9.4,9.5,11,9,0,9.6,10,9,11.5,11,10.5,12,11,9.25,11.91,11,10.75,11,11.5,10.5,8.25,10,10,10.2,13.5,11,10.5,11,12,9.75,14,12,9.5,10,12.5,0,0,0,0,11,0,9.5,0,9.75,0,15,10.5,10,9,8.8,10,8.8,13.5,12.5,10,0,10,11.5,13.8,11,11,10,9.51,10,9,9,11,11,11,0,11.5,9.5,11.5,10,8.75,8.45,10,0,13,8.13,10,11.5,11.5,9.5,10.6,9.4,11,11,0,10,10.5,12,0,11.5,11,10,7.39,8.96,11,11,13,6.4,0,10.5,12,9.5,9.1,10.6,10,10,11,10,7.8,12,8.73,8.75,10.5,10.5,10.5,12,10,0,10,7.9,10,11.5,9.45,12.25,10,10.5,9,9.5,9.5,10,10.25,10.5,11,13,9.5,11,9,11,9.25,0,8.75,9,8.5,0,11.9,11.9,11,9.5,14,11,10,9.57,15,9.5,12,0,0,12,9.5,10,8,8,9.8,0,9,0,21,23,29,17.5,19,20,18,0,18,16,18,21,29,18.5,26,29,17,23.56,18,20,20,21,18.5,13.5,16,20,19.1,16,29,20,21,26,18,26,26,17,21,29,0,0,0,0,20,0,17,0,18,0,23,18,17,18,12.5,19.1,17.5,16,19.5,21,0,21,23,18.5,29,20,19,18.58,19,15,15,18,18,18,0,21,16,21,17.37,14,17,16,0,15,16.2,16,26,26,18,21,17,21,17.5,0,25,19.25,18,0,21,14.5,16,13.53,15.8,20,20,15,13,0,19.5,26,17,16.8,21,20,20,20,19,15.5,26,17.5,16,21,21,19.5,26,26,0,16,14.5,20,21,18.5,18.75,24,26,19,17,17,19,19,19,25,29,17.5,26,21,20,35,0,14,15,21,0,15.25,15.25,13,18,29,21.3,26,17.81,21,17,26,0,0,16,17,20,15,15,18,0,17
Dortmund,Heidenheim,2,2,D,0,1.22,1.22,1.22,1.23,1.18,1.24,1.22,1.12,1.23,1.23,1.24,1.23,1.22,1.24,1.22,1.24,1.22,1.22,1.23,1.24,1.18,1.23,1.24,1.22,1.23,1.12,1.15,1.23,1.24,1.22,1.24,1.22,1.23,1.26,1.22,1.22,0,1.23,1.22,1.25,1.22,1.24,1.24,1.22,1.24,1.24,1.23,1.24,1.25,1.24,1.22,1.23,1.19,1.23,1.23,1.23,1.26,1.18,1.23,1.22,1.23,1.24,1.24,1.24,1.23,1.22,1.22,1.22,1.22,1.23,1.23,1.23,1.23,1.23,1.2,1.23,1.22,1.22,1.22,1.24,1.22,1.22,1.21,1.24,1.22,1.22,1.24,0,1.23,1.26,0,1.22,1.24,1.25,1.25,1.25,1.23,1.22,1.25,1.19,1.15,1.24,1.24,1.2,1.17,1.2,1.17,1.22,1.24,1.23,0,0,0,1.24,1.23,1.18,1.22,1.22,1.2,1.22,1.22,1.25,1.22,1.18,1.25,1.24,1.21,0,1.23,1.18,1.22,1.17,1.15,1.25,1.24,1.24,1.24,1.23,1.23,1.22,1.22,1.22,1.18,1.2,1.24,1.25,1.25,1.22,1.18,1.25,1.26,1.22,1.22,1.3,1.2,1.23,1.22,1.22,1.22,1.2,1.24,1.22,1.22,1.25,1.22,1.17,1.21,1.2,1.2,1.25,1.25,1.18,1,7,6.5,6.5,6.6,6.5,6.8,6.75,6.5,6,6.6,6.5,7,6.5,6.8,6.75,7,6.5,6.63,6.75,6.55,6.4,7,6.8,6.4,6.6,6.6,6.95,6.2,7,7,6.55,6.75,6.75,7.12,6.75,6.5,0,7,6.75,7,6.3,6.7,6.9,7,6.5,6.2,6.15,6.65,6.7,6.7,6.3,6.6,5.95,6.6,6.7,6.2,7,6.5,6.6,6.5,6.8,6.95,7,7,6.67,7,6,6,6,7,7,7,7,7,6.25,7,6.65,6.4,6.25,6.6,6.5,7,6.11,6.6,6.5,6.5,6.2,0,6.6,7.2,0,6.75,6.7,6.7,6.7,7,7,6.8,6.5,5.52,6.23,6.8,6.8,6.75,5.2,7.5,5.7,6.75,6.5,6.45,0,0,0,6.8,6.6,5.65,6.75,6.39,6.3,6.4,6.4,6.7,6.75,6.5,6.9,6.5,6,0,7,6.25,6.7,6.5,6,6.3,6.5,6.5,7,6.6,6.55,6.5,6.5,6.3,6.5,6.5,6.8,6.4,6.4,6.4,5.5,5.5,7.3,6.95,6.95,6.9,7.2,7.5,6.59,6.5,6.45,6.75,6.5,6.75,6.4,7.1,7,6,6.95,5.8,5.8,6.6,5.7,6.75,0,10,11,13,10.5,12,11,12,11,11,8.2,11.5,10.5,13,11,11.5,12,10,9.94,10,10.5,9.9,10.5,11,8,8.2,11,11,11,12,11.5,11,12,10.5,11.9,11.5,12,0,12,11.5,11,10,11,11,10,11.5,11.5,10.5,10,11.5,10.5,10,11,9.3,10.45,11,11,12.5,12,10.3,12,11,12,12,11,10,13,11,11,11,10,10,10,10,10.5,9,10.5,9.53,11.5,10.5,8.1,13,9.5,10,8.1,12,12,10,0,11,12,0,10,12,10.75,10.5,11,10.5,9.9,10,8.64,9.54,10,10,11,8.4,12,9.4,11.5,11.5,10.5,0,0,0,11,10,8.55,11.5,10.5,11,10,10,10.5,11.5,12,10.6,10,9.5,0,10.5,9.6,11,12,11,11.5,11.5,11.5,11,10.25,10.25,13,12,10,12,12,10,10.75,10.8,11,8,11,12,9.4,9.4,9.5,12,11.5,11.8,11,10.21,10,11.5,12,10,12,9.5,10,12,9,9,12,10.5,10.5
Augsburg,Bochum,2,2,D,0,2.3,2.25,2.3,2.25,2.3,2.33,2.3,0,2.25,2.23,2.4,2.25,2.35,2.33,2.28,2.45,2.25,2.56,2.4,2.4,2.35,2.3,2.33,2.33,2.23,2.18,2.2,2.32,2.45,2.5,2.29,2.28,2.45,2.5,2.28,2.33,2.35,2.3,2.28,2.37,2.28,2.34,2.35,2.3,2.4,2.3,2.3,2.5,2.36,2.35,2.28,2.31,2.18,2.28,2.31,2.32,2.44,2.3,2.3,2.4,2.52,2.53,2.45,2.5,2.3,2.35,2.38,2.25,2.25,2.3,2.3,2.3,2.3,2.3,2.15,2.3,2.45,2.27,2.26,2.23,2.4,2.45,2.24,2.28,2.4,2.4,2.4,0,2.33,2.4,0,2.5,2.33,2.33,2.3,2.37,2.3,2.45,2.3,2.16,2.32,2.42,2.42,2.45,2.12,2.54,2.3,2.25,2.4,2.27,0,0,0,2.33,2.3,2.35,2.28,2.27,2.25,2.4,2.4,2.3,2.25,2.3,2.35,2.3,2.2,0,2.3,2.3,2.25,2.3,2.25,2.3,2.4,2.4,2.3,2.4,2.4,2.4,2.3,2.4,2.3,2.25,2.5,2.32,2.5,2.37,2.25,2.3,2.42,2.29,2.29,2.46,2.3,2.45,2.3,2.3,2.28,2.41,2.4,2.28,2.3,2.39,2.3,2.15,2.38,2.2,2.2,2.33,2.33,2.1,1,3.6,4,3.6,3.7,3.5,4.1,4,0,3.95,3.6,3.6,4,3.7,4.05,3.85,3.75,3.7,3.59,3.7,3.65,3.67,3.9,4.05,3.45,3.6,3.55,3.65,3.75,3.75,3.8,3.88,3.85,3.7,3.98,3.85,3.6,3.5,3.9,3.85,3.76,3.58,3.7,3.8,3.6,3.6,4,3.6,3.8,3.7,3.65,3.65,3.65,3.5,3.7,3.75,3.75,3.8,3.6,3.7,3.6,3.7,3.85,3.75,3.8,3.75,3.75,3.6,3.75,3.75,3.85,3.85,3.85,3.85,3.8,3.5,3.8,3.5,3.75,3.65,3.6,3.6,3.65,3.61,3.65,3.75,3.75,3.7,0,3.7,3.9,0,3.65,3.85,3.75,3.8,3.77,3.9,3.5,3.6,3.45,3.47,3.75,3.75,3.75,3.35,3.66,3.5,3.8,3.6,3.82,0,0,0,3.7,3.75,3.4,3.85,3.69,3.7,3.65,3.65,3.8,3.8,3.5,3.7,3.7,3.5,0,3.9,3.55,3.75,3.5,3.5,3.75,3.6,3.6,3.75,3.7,3.7,3.6,3.75,3.6,3.6,3.8,3.75,4,3.7,3.75,3.35,3.5,3.86,3.67,3.67,3.85,3.8,3.95,3.81,3.7,3.71,3.6,3.6,3.85,3.62,3.8,3.7,3.6,3.62,3.55,3.55,3.8,3.6,3.55,0,2.8,2.7,2.87,2.75,2.8,2.8,2.75,0,2.7,2.68,2.8,2.7,2.8,2.75,2.8,2.75,2.75,2.74,2.65,2.65,2.45,2.75,2.75,2.63,2.68,2.58,2.68,2.84,2.75,2.6,2.81,2.8,2.62,2.75,2.8,2.8,2.65,2.85,2.8,2.88,2.76,2.84,2.85,2.8,2.8,2.75,2.8,2.68,2.9,2.62,2.72,2.85,2.66,2.8,2.84,2.84,2.6,2.7,2.8,2.75,2.58,2.63,2.75,2.65,2.8,2.85,2.63,2.7,2.7,2.8,2.8,2.8,2.8,2.75,2.55,2.75,2.62,2.8,2.75,2.68,2.8,2.65,2.73,2.6,2.65,2.65,2.65,0,2.85,2.9,0,2.55,2.85,2.86,2.8,2.89,2.75,2.65,2.8,2.58,2.42,2.7,2.7,2.55,2.55,2.6,2.4,2.8,2.8,2.78,0,0,0,2.8,2.8,2.4,2.8,2.78,2.75,2.65,2.65,2.8,2.8,2.7,2.9,2.77,2.65,0,2.75,2.5,2.86,2.65,2.63,2.85,2.8,2.8,2.8,2.68,2.68,2.75,2.8,2.55,2.7,2.7,2.6,2.72,2.65,2.67,2.45,2.8,2.95,2.77,2.77,2.82,2.8,2.75,2.74,2.8,2.75,2.59,2.8,2.8,2.79,2.91,2.8,2.6,2.8,2.65,2.65,2.85,2.76,2.62
Hoffenheim,Wolfsburg,3,1,H,1,2,1.91,2.15,1.95,1.95,2.05,2.15,0,2.11,1.91,1.88,2.1,2,1.96,2.06,2.15,2,1.77,2.15,2.1,2.12,1.95,1.96,2.02,1.91,1.95,1.85,2.16,2.15,2.16,2.01,2.06,2.15,2.18,2.06,1.85,2.05,2.08,2.06,1.88,1.82,1.86,2.05,2,1.9,1.98,2.1,2.26,2,2.05,1.95,1.98,1.9,2.05,2,2.16,2.22,2,2.05,2.1,2.22,2.18,2.15,2.11,1.96,2,2.1,2,2,1.95,1.95,1.95,1.95,2.1,1.87,2.1,2,2.07,1.95,1.91,1.85,2.15,1.94,2,2.15,2.15,2.15,0,2,2.05,0,2.1,2,2.13,2,1.89,1.95,2.15,2.1,1.86,2.04,2.1,2.1,2.15,1.84,2.28,2.04,2.05,1.9,1.94,0,0,0,1.99,1.97,2.05,2.06,1.97,2.07,2.15,2.15,2,2.05,2,2,1.95,1.89,0,1.95,2.05,2.1,2,2,1.95,1.9,1.9,1.97,2.15,2.15,2.2,2,2.1,2,2,2.1,2,2.2,2.1,1.95,2.1,1.91,2,2,2.13,2.05,2.13,2.09,2,1.96,2.04,1.9,2.06,1.83,1.9,1.91,1.85,1.95,1.88,1.88,2.01,1.97,1.78,0,3.4,3.7,3.4,3.6,3.4,3.8,3.75,0,3.7,3.55,3.8,3.75,3.5,3.8,3.7,3.75,3.45,3.84,3.6,3.4,3.53,3.7,3.8,3.35,3.55,3.45,3.58,3.8,3.75,3.75,3.65,3.7,3.5,3.73,3.7,3.8,3.5,3.75,3.7,3.99,3.79,3.92,3.8,3.4,3.75,3.8,3.7,3.7,3.9,3.45,3.6,3.65,3.42,3.5,3.7,3.8,3.55,3.6,3.55,3.6,3.45,3.8,3.75,3.6,3.67,3.75,3.5,3.6,3.6,3.75,3.75,3.75,3.8,3.6,3.4,3.6,3.7,3.55,3.55,3.55,3.8,3.65,3.52,3.5,3.6,3.6,3.45,0,3.7,3.85,0,3.65,3.65,3.55,3.8,4,3.7,3.7,3.4,3.35,3.32,3.55,3.55,3.65,3.25,3.6,3.4,3.7,3.75,3.66,0,0,0,3.6,3.65,3.25,3.7,3.6,3.5,3.45,3.45,3.7,3.7,3.6,3.85,3.65,3.4,0,3.7,3.45,3.6,3.6,3.5,3.8,3.75,3.75,3.65,3.5,3.5,3.5,3.6,3.4,3.6,3.6,3.6,3.7,3.6,3.55,3.2,3.3,4.1,3.68,3.68,3.75,3.8,3.75,3.52,3.65,3.61,3.7,3.75,3.7,3.83,4,3.85,3.4,3.7,3.45,3.45,3.7,3.6,3.5,0,3.8,3.7,3.3,3.55,3.6,3.5,3.15,0,3.05,3.5,3.9,3.1,3.6,3.75,3.35,3.3,3.4,4.73,3.15,3.35,2.8,3.6,3.75,3.25,3.5,3.05,3.54,3.4,3.3,3.15,3.58,3.35,3.25,3.46,3.35,3.8,3.15,3.4,3.35,3.95,3.75,3.88,3.5,3.8,3.8,3.55,3.1,3.1,3.6,3.3,3.5,3.55,3.33,3.5,3.6,3.4,3.25,3.25,3.45,3.25,3.1,3.2,3.3,3.45,3.6,3.6,3.1,3.3,3.3,3.6,3.6,3.6,3.65,3.3,3.3,3.3,3.28,3.3,3.5,3.5,4,3.15,3.45,3.3,3.15,3.15,3.25,0,3.6,3.75,0,3.05,3.7,3.4,3.45,3.97,3.6,3,3.4,3.29,2.94,3.4,3.4,3,3.2,3,2.85,3.35,3.8,3.66,0,0,0,3.6,3.6,2.9,3.35,3.52,3.25,3.2,3.2,3.6,3.35,3.2,3.55,3.6,3.35,0,3.6,3.05,3.27,3.2,3.1,3.65,3.8,3.8,3.6,3.25,3.25,3.25,3.6,3.2,3.25,3.3,3.35,3.55,3.15,3.3,3.1,3.5,4.1,3.37,3.37,3.5,3.3,3.45,3.33,3.6,3.54,3.15,3.8,3.35,3.79,4,3.6,3.5,3.7,3.35,3.35,3.65,3.5,3.45
Leverkusen,Darmstadt,5,1,H,1,2.88,2.75,2.75,2.7,2.8,2.8,2.7,0,2.65,2.63,2.9,2.65,2.87,2.84,2.8,2.8,2.75,2.8,2.85,2.8,2.58,2.8,2.84,2.53,2.63,2.55,2.65,2.7,2.8,2.86,2.8,2.8,2.7,2.9,2.8,2.9,0,2.85,2.8,3.01,2.88,2.97,2.8,2.88,2.9,2.92,2.9,2.75,3,2.78,2.68,2.9,2.73,2.78,2.92,2.7,2.9,2.88,2.78,2.88,2.72,2.83,2.8,2.9,2.75,2.9,2.7,2.7,2.7,2.75,2.75,2.75,2.75,2.75,2.6,2.75,2.82,2.8,2.85,2.63,2.95,2.75,2.81,2.75,2.7,2.7,2.8,0,2.9,2.85,0,2.8,2.83,2.87,2.8,3.02,2.8,2.85,2.8,2.55,2.47,2.85,2.85,2.7,2.65,2.62,2.45,2.8,2.9,2.77,0,0,0,2.75,2.75,2.45,2.8,2.86,2.75,2.8,2.8,2.8,2.8,2.88,3,2.77,2.6,0,2.8,2.55,2.85,2.85,2.8,2.85,2.9,2.9,2.75,2.83,2.85,2.9,2.8,2.65,2.88,2.7,2.75,2.8,2.67,2.8,2.6,2.8,3.08,2.73,2.73,2.8,2.85,2.9,2.76,2.75,2.71,2.69,2.9,2.8,2.91,3.04,2.82,2.7,2.97,2.6,2.6,2.95,2.83,2.6,0,3.6,3.8,3.5,3.65,3.5,3.9,3.9,0,3.8,3.6,3.6,3.9,3.5,3.85,3.75,3.75,3.6,3.48,3.7,3.6,3.58,3.7,3.85,3.4,3.6,3.3,3.6,3.7,3.75,3.7,3.72,3.75,3.65,3.85,3.75,3.6,0,3.75,3.75,3.68,3.51,3.62,3.8,3.6,3.6,3.55,3.55,3.6,3.7,3.6,3.6,3.6,3.37,3.65,3.6,3.7,3.7,3.5,3.65,3.5,3.35,3.65,3.75,3.75,3.67,3.75,3.75,3.6,3.6,3.8,3.8,3.8,3.8,3.7,3.4,3.7,3.5,3.6,3.5,3.6,3.5,3.6,3.47,3.6,3.75,3.75,3.65,0,3.6,3.85,0,3.5,3.75,3.7,3.65,3.69,3.7,3.5,3.6,3.4,3.35,3.7,3.7,3.45,3.25,3.5,3.4,3.75,3.6,3.66,0,0,0,3.65,3.7,3.3,3.75,3.54,3.55,3.6,3.6,3.7,3.75,3.4,3.65,3.65,3.45,0,3.7,3.45,3.7,3.4,3.3,3.65,3.6,3.6,3.7,3.65,3.65,3.5,3.75,3.55,3.5,3.7,3.7,3.75,3.55,3.65,3.35,3.5,3.78,3.6,3.6,3.75,3.6,3.85,3.68,3.65,3.66,3.45,3.6,3.75,3.55,3.72,3.55,3.5,3.5,3.5,3.5,3.65,3.5,3.5,0,2.3,2.3,2.37,2.3,2.3,2.33,2.35,0,2.33,2.29,2.35,2.35,2.35,2.33,2.33,2.4,2.3,2.57,2.3,2.31,2.28,2.35,2.33,2.42,2.29,2.31,2.24,2.46,2.4,2.38,2.35,2.33,2.4,2.43,2.33,2.27,0,2.35,2.33,2.32,2.23,2.29,2.4,2.3,2.35,2.35,2.25,2.54,2.3,2.28,2.32,2.3,2.19,2.33,2.32,2.46,2.46,2.3,2.33,2.38,2.58,2.45,2.4,2.35,2.36,2.35,2.25,2.3,2.3,2.35,2.35,2.35,2.35,2.35,2.2,2.35,2.3,2.32,2.26,2.29,2.35,2.4,2.24,2.22,2.35,2.35,2.3,0,2.32,2.45,0,2.3,2.38,2.34,2.35,2.33,2.35,2.3,2.4,2.21,2.34,2.33,2.33,2.45,2.12,2.6,2.3,2.3,2.35,2.33,0,0,0,2.38,2.36,2.35,2.33,2.28,2.3,2.3,2.3,2.4,2.3,2.25,2.3,2.35,2.25,0,2.35,2.35,2.28,2.25,2.2,2.35,2.35,2.35,2.36,2.31,2.31,2.35,2.3,2.35,2.3,2.3,2.4,2.35,2.55,2.32,2.15,2.3,2.37,2.35,2.35,2.52,2.35,2.36,2.34,2.35,2.34,2.44,2.35,2.33,2.25,2.34,2.32,2.15,2.32,2.25,2.25,2.34,2.33,2.15
Stuttgart,Freiburg,5,0,H,1,1.91,1.91,2.05,1.9,1.95,1.93,2.05,0,2.01,1.91,2,2,1.91,1.93,1.89,1.98,1.91,2.18,1.9,1.93,1.97,1.95,1.93,1.95,1.91,2.04,1.84,1.92,1.98,1.95,1.94,1.89,1.93,2.01,1.89,1.93,1.95,1.91,1.89,1.95,1.89,1.93,1.95,1.91,2,2.05,2,1.95,2.05,1.9,1.92,2,1.91,1.93,2.02,1.92,2,1.91,1.93,2,2.2,1.96,1.98,1.95,1.94,1.98,1.91,1.91,1.91,1.95,1.95,1.95,1.95,1.93,1.85,1.93,2.15,1.91,1.97,1.91,1.95,1.95,1.96,1.88,1.92,1.92,1.92,0,2.02,2,0,1.91,1.94,1.95,1.92,1.96,1.95,1.95,2,1.83,1.83,1.94,1.94,1.9,1.86,2.05,1.83,1.88,2,1.93,0,0,0,1.96,1.94,1.85,1.89,1.98,1.88,1.92,1.92,1.95,1.88,1.91,2.05,1.95,1.86,0,1.95,1.85,1.9,1.9,1.87,1.95,2,2,1.94,1.92,1.92,1.95,1.91,1.9,1.91,1.92,1.92,1.95,1.95,1.91,1.8,2,1.99,1.9,1.9,2.06,1.87,1.91,1.95,1.95,1.93,1.88,2,1.89,1.9,1.97,1.9,1.83,1.98,1.86,1.86,2.03,2,1.78,0,3.6,3.9,3.6,3.7,3.4,4,3.85,0,3.85,3.7,3.7,3.9,3.7,3.95,3.85,3.75,3.6,3.57,3.8,3.7,3.5,3.8,3.95,3.5,3.7,3.4,3.69,3.8,3.75,3.8,3.82,3.85,3.75,3.96,3.85,3.7,3.5,3.85,3.85,3.85,3.65,3.78,3.9,3.6,3.7,3.75,3.5,3.8,3.6,3.7,3.7,3.5,3.3,3.75,3.55,3.8,3.75,3.6,3.75,3.6,3.5,3.9,3.75,3.85,3.8,3.75,3.6,3.75,3.75,3.9,3.9,3.9,3.9,3.8,3.5,3.8,3.5,3.75,3.45,3.7,3.7,3.75,3.41,3.7,3.75,3.75,3.75,0,3.55,3.95,0,3.65,3.8,3.8,3.85,3.86,3.8,3.6,3.8,3.46,3.45,3.8,3.8,3.65,3.15,3.6,3.5,3.8,3.7,3.75,0,0,0,3.7,3.8,3.4,3.85,3.48,3.7,3.7,3.7,3.8,3.8,3.5,3.6,3.7,3.55,0,3.8,3.6,3.8,3.5,3.5,3.75,3.7,3.7,3.8,3.75,3.75,3.6,3.75,3.65,3.6,3.6,3.85,3.8,3.65,3.75,3.4,3.5,3.95,3.75,3.75,3.85,3.9,4,3.73,3.75,3.74,3.7,3.7,3.85,3.69,3.89,3.75,3.5,3.64,3.55,3.55,3.6,3.5,3.6,0,3.75,3.6,3.4,3.5,3.6,3.7,3.35,0,3.2,3.4,3.6,3.25,3.75,3.7,3.8,3.75,3.5,3.38,3.65,3.6,3.15,3.5,3.7,3.3,3.4,2.9,3.47,3.75,3.75,3.7,3.65,3.8,3.6,3.78,3.8,3.7,3.5,3.85,3.8,3.8,3.61,3.74,3.6,3.75,3.6,3.4,3.55,3.9,3.7,3.55,3.5,3.65,3.4,3.65,3.65,3.75,3.65,3.6,3.65,3.6,3.15,3.7,3.75,3.75,3.6,3.75,3.6,3.4,3.4,3.6,3.6,3.6,3.6,3.6,3.25,3.6,3.08,3.6,3.55,3.4,3.7,3.6,3.51,3.5,3.65,3.65,3.6,0,3.65,3.75,0,3.6,3.8,3.7,3.7,3.82,3.5,3.6,3.6,3.27,3.38,3.7,3.7,3.75,3.25,3.5,3.3,3.8,3.6,3.6,0,0,0,3.6,3.55,3.3,3.8,3.59,3.55,3.6,3.6,3.6,3.8,3.5,3.65,3.6,3.35,0,3.5,3.45,3.7,3.5,3.5,3.7,3.6,3.6,3.55,3.65,3.65,3.6,3.75,3.55,3.6,3.6,3.7,3.65,3.75,3.6,3.3,3.5,3.91,3.58,3.58,3.65,3.8,3.9,3.58,3.6,3.52,3.7,3.6,3.8,3.66,3.85,3.7,3.4,3.64,3.35,3.35,3.7,3.5,3.35
Werder Bremen,Mainz,4,0,H,1,1.4,1.36,1.4,1.37,1.36,1.4,1.4,0,1.4,1.4,1.42,1.4,1.4,1.42,1.38,1.25,1.38,1.4,1.24,1.26,1.19,1.4,1.42,1.38,1.4,1.13,1.31,1.38,1.25,1.26,1.39,1.28,1.25,1.28,1.38,1.4,1.2,1.4,1.38,1.43,1.39,1.41,1.35,1.4,1.42,1.42,1.39,1.25,1.41,1.24,1.38,1.4,1.36,1.4,1.41,1.38,1.26,1.33,1.4,1.22,0,1.24,1.25,1.37,1.4,1.4,1.22,1.38,1.38,1.4,1.4,1.4,1.4,1.24,1.35,1.24,1.38,1.34,1.39,1.4,1.43,1.23,1.38,1.23,1.23,1.23,1.25,0,1.41,1.43,0,1.25,1.4,1.37,1.4,1.43,1.4,1.23,1.4,1.34,1.14,1.25,1.25,1.22,1.33,1.22,1.14,1.36,1.42,1.38,0,0,0,1.41,1.39,1.17,1.38,1.39,1.32,1.25,1.25,1.4,1.36,1.3,1.4,1.4,1.35,0,1.4,1.17,1.24,1.3,1.3,1.4,1.42,1.42,1.39,1.25,1.25,1.22,1.36,1.23,1.33,1.32,1.26,1.4,1.22,1.32,1.18,1.35,1.45,1.36,1.36,1.47,1.35,1.23,1.37,1.4,1.39,1.21,1.42,1.28,1.4,1.44,1.37,1.15,1.38,1.35,1.35,1.41,1.42,1.3,0,4.75,5,4.75,4.9,4.75,5.2,5,0,4.7,4.7,4.9,5.25,4.8,5.1,5.1,6.5,4.8,4.92,6.5,6.15,6.1,5,5.1,4.8,4.7,6.4,5,5.5,6.5,6.6,5.05,6,6.25,6.79,5.1,5,6.1,5.1,5.1,5.2,4.8,5,5.6,4.75,4.9,4.8,4.9,6.9,5.2,5.9,4.85,4.9,4.5,5,5,5.5,6.8,5,5,6.5,0,7.25,6.5,5.4,5,5,6,4.75,4.75,5.2,5.2,5.2,5.2,6.5,4.5,6.5,4.7,5.2,4.8,4.7,4.8,6.75,4.71,6.1,6.3,6.3,6,0,5,5.4,0,6.25,5,5.3,5,5.2,5,6.4,5,4.39,6.1,6.4,6.4,6.5,4.2,6.66,5.8,5,4.9,4.95,0,0,0,5,5,5.5,5.1,4.86,5.1,6.1,6.1,5,5,5,5.25,5,4.55,0,5,6.15,6.4,5.1,5,5,4.9,4.9,5,6.2,6.2,6.5,5,6,5,5,6.4,5,6.7,5.3,5.3,5,5.4,5.05,5.05,5.1,5.3,7.25,4.92,5,4.91,6.75,4.9,6,4.9,5.3,5.1,6,5.05,4.6,4.6,5.2,4.65,5.2,0,7.5,7.5,7.5,6.9,7.5,7.3,7,0,7,6.6,7.25,6.75,8,7,7.5,12,6.75,6.76,10,10.25,9.9,7.25,7,6,6.6,11.5,7.1,8.4,12,13,7.5,9.5,10,11.9,7.5,7,10.5,7.5,7.5,7.1,6.6,6.9,8.2,7.5,7.25,7.3,7,11.5,7.4,9.65,6.8,7,6.25,7,7.1,8.4,13,7.5,6.95,12,0,10.75,12,8.2,7,8,11,7,7,7,7,7,7,11,6.25,11,7.27,8.25,6.7,6.6,7,9.5,6.59,9.3,11,11,10,0,7,7.6,0,9.5,7.8,7.9,7.2,7.1,7.25,9.9,7,6.12,10.8,11,11,10,5.8,12,11.5,7.5,7.25,7.4,0,0,0,7.2,7,9.7,7.5,6.83,8,10,10,7.1,7.5,7.5,7.3,6.75,6.3,0,7.25,11,10.2,7.5,7,7.2,7.25,7.25,7,10.25,10.25,12,7.5,9.75,7.5,8.5,10,7.3,13,8.5,9,7.5,7.4,7.05,7.05,6.9,8,12.5,7.71,7,6.9,11,7.25,9.5,6.7,7.2,7.25,11,7.4,6.25,6.25,7.4,6.7,8
M'gladbach,Bayern Munich,1,2,A,0,6.5,6,7,5.9,7,5.8,6.75,8,6.8,5.9,6.5,6.25,6.5,5.8,6.25,7.5,5.8,6.4,6,6.5,6.3,6,5.8,5.6,5.9,8,6.05,5.1,7.5,6.6,6.25,6.75,6.75,7.2,6.25,6,6.6,6.4,6.25,6.4,5.9,6.3,6.2,6.5,6.75,6.7,6.75,6.8,6.4,6.6,5.8,6.6,6,5.95,6.8,5.1,6.8,6.5,5.95,7,8,7,7.5,6.6,6,6.5,6,5.5,5.5,6,6,6,6,6.5,5.25,6.5,5.4,5.9,6.4,5.9,0,6,6.3,6.3,6.2,6.2,6,0,6.8,6.4,0,6,6.3,6.1,6.1,6.5,6,6,6,5.27,6.7,6.4,6.4,6,5.6,7.5,7.1,6.25,6.75,6,0,0,0,6.2,6,6.1,6.25,6.54,5.8,5.9,5.9,6.2,6.25,6.5,6.3,5.85,5.5,0,6,6.8,6.05,6.5,6,6.2,6.75,6.75,6,6,5.95,6.5,6.5,5.8,6.5,6,6.6,6.2,7.7,5.9,5.8,6.7,6.7,5.95,5.95,5.6,6.2,7.75,6.08,7,5.91,6,6.75,6.75,6,6.5,6,5.8,7.4,5.5,5.5,7,6,6,0,5,5.5,5,5.4,5.25,5.7,6,6,6,5.1,5.75,5.75,5.2,5.7,5.5,6,5.2,5.76,5.75,5.6,5.7,5.5,5.7,4.9,5.1,6.1,5.45,5.2,6,6.2,5.5,5.75,5.9,6.12,5.5,5.5,5.25,5.6,5.5,5.8,5.4,5.6,5.7,5,5.75,5.4,5.6,6.3,5.7,5.8,5.3,5.8,5.15,5.4,5.8,5.2,6.6,5.5,5.4,5.5,6.2,6.3,6,5.8,5.5,5.5,5.5,5,5,5.6,5.6,5.6,5.75,5.5,5,5.5,5,5.2,5.55,5.1,0,6,5.44,5.5,5.4,5.4,5.5,0,5.8,5.8,0,6,5.6,5.5,5.6,5.8,5.5,5.75,5.5,4.82,5.65,5.8,5.8,6,4.8,6.5,5.5,5.5,5.75,5.35,0,0,0,5.4,5.4,5.2,5.5,5.63,5.2,5.4,5.4,5.5,5.5,5.5,5.6,5.35,5,0,5.5,5.75,5.55,5.5,5,5.7,5.75,5.75,5.5,5.5,5.5,5.5,5.5,5.25,5.5,5,5.8,5.3,6.1,5.2,5.1,4.7,6,5.65,5.65,5.7,5.5,6.75,5.34,5.5,5.39,5.9,5.75,5.75,5.5,5.9,5.7,5,6.3,5,5,6,5.3,5.4,1,1.4,1.4,1.4,1.38,1.33,1.44,1.35,1.18,1.32,1.4,1.38,1.4,1.4,1.44,1.4,1.36,1.4,1.41,1.38,1.38,1.3,1.41,1.44,1.39,1.4,1.19,1.32,1.38,1.36,1.4,1.41,1.37,1.35,1.4,1.4,1.42,1.33,1.42,1.4,1.42,1.38,1.4,1.43,1.4,1.38,1.4,1.35,1.35,1.42,1.38,1.39,1.36,1.32,1.42,1.37,1.38,1.4,1.33,1.42,1.36,1.3,1.36,1.36,1.39,1.4,1.42,1.38,1.43,1.43,1.41,1.41,1.41,1.41,1.38,1.37,1.38,1.45,1.42,1.35,1.4,0,1.37,1.34,1.36,1.4,1.4,1.4,0,1.37,1.44,0,1.36,1.42,1.43,1.4,1.42,1.41,1.37,1.4,1.35,1.24,1.39,1.39,1.36,1.29,1.3,1.23,1.4,1.38,1.41,0,0,0,1.42,1.41,1.27,1.4,1.35,1.4,1.4,1.4,1.4,1.4,1.33,1.43,1.41,1.36,0,1.41,1.27,1.4,1.32,1.3,1.4,1.38,1.38,1.41,1.41,1.41,1.4,1.36,1.4,1.33,1.4,1.38,1.42,1.32,1.42,1.29,1.4,1.44,1.37,1.37,1.5,1.4,1.33,1.41,1.35,1.4,1.34,1.38,1.37,1.39,1.42,1.38,1.33,1.31,1.36,1.36,1.38,1.38,1.36
Ein Frankfurt,FC Koln,1,1,D,0,1.83,1.8,1.83,1.8,1.75,1.86,1.85,1.86,1.81,1.9,1.82,1.88,1.85,1.86,1.84,1.9,1.81,1.84,1.85,1.88,1.88,1.85,1.86,1.9,1.9,1.89,1.78,1.73,1.9,1.9,1.81,1.84,1.87,1.93,1.84,1.85,0,1.86,1.84,1.84,1.78,1.82,1.85,1.83,1.82,1.82,1.81,1.93,1.85,1.85,1.78,1.82,1.75,1.85,1.84,1.73,1.94,1.8,1.85,1.83,2.18,1.9,1.9,1.9,1.82,1.85,1.88,1.83,1.83,1.91,1.91,1.91,1.87,1.87,1.77,1.87,1.85,1.85,1.8,1.9,0,1.9,1.79,1.9,1.85,1.85,1.87,0,1.84,1.87,0,1.83,1.83,1.9,1.8,1.84,1.85,1.87,1.9,1.72,1.85,1.9,1.9,1.83,1.7,2.16,1.92,1.83,1.82,1.8,0,0,0,1.83,1.81,1.85,1.84,1.81,1.82,1.85,1.85,1.8,1.83,1.75,1.84,1.81,1.73,0,1.85,1.98,1.85,1.78,1.75,1.8,1.82,1.82,1.81,1.87,1.87,1.8,1.85,1.85,1.8,1.8,1.89,1.82,2.15,1.85,1.75,1.85,1.87,1.77,1.77,1.92,1.8,1.88,1.82,1.83,1.8,1.84,1.82,1.84,1.79,1.85,1.78,1.73,1.82,1.74,1.74,1.85,1.86,1.78,1,3.75,3.9,3.7,3.75,3.7,4.1,3.9,3.3,3.7,3.7,3.8,4,3.75,4.05,3.85,3.75,3.7,3.84,3.8,3.7,3.5,3.9,4.05,3.5,3.7,3.3,3.7,3.5,3.75,3.9,3.94,3.85,3.75,4.01,3.85,3.7,0,3.9,3.85,3.84,3.64,3.77,3.9,3.75,3.8,3.85,3.65,3.75,3.8,3.7,3.75,3.8,3.55,3.8,3.85,3.5,3.9,3.7,3.8,3.75,3.3,3.9,3.75,3.9,3.8,4,3.6,3.75,3.75,3.9,3.9,3.9,3.9,3.8,3.6,3.8,3.7,3.8,3.7,3.7,0,3.8,3.67,3.75,3.8,3.8,3.75,0,3.85,4,0,3.75,3.95,3.85,3.85,3.86,3.9,3.8,3.8,3.49,3.35,3.85,3.85,3.75,3.4,3.4,3.3,3.8,3.8,3.88,0,0,0,3.75,3.85,3.3,3.85,3.75,3.75,3.75,3.75,3.9,3.8,3.6,3.8,3.75,3.55,0,3.9,3.3,3.8,3.6,3.6,3.85,3.8,3.8,3.85,3.8,3.8,3.75,3.8,3.7,3.7,3.8,3.85,3.9,3.35,3.8,3.45,3.5,3.95,3.76,3.76,3.95,3.9,3.95,3.8,3.8,3.78,3.65,3.8,3.85,3.69,3.89,3.8,3.6,3.74,3.6,3.6,3.9,3.65,3.75,0,4,4,4,4,4.2,3.9,3.9,3.35,4.1,3.55,4.2,3.6,4,3.9,4,4,3.8,4.32,3.85,3.75,3.5,3.8,3.9,3.45,3.55,3.35,3.7,3.65,4,3.95,4.1,4,3.85,4.01,4,4.2,0,4,4,4.33,4.1,4.2,4.1,4,4.2,4.2,4.1,4.05,4.3,3.7,3.95,4,3.75,3.85,4.1,3.65,3.95,4.1,3.9,4,3.35,3.95,4,3.9,4,4,3.75,3.75,3.75,3.8,3.8,3.8,3.8,3.8,3.5,3.8,3.79,3.8,3.95,3.55,0,3.8,3.89,3.5,3.9,3.9,3.75,0,4.1,4.2,0,3.85,4.1,3.85,4.2,4.33,3.8,3.75,3.8,3.68,3.4,3.85,3.85,3.85,3.6,3.4,3.2,4,4.2,4.05,0,0,0,4.1,4,3.35,4,3.98,3.75,3.8,3.8,4.1,4,4,4.3,4,3.85,0,3.8,3.3,3.9,4,4,4.2,4.2,4.2,4,3.8,3.8,4,3.9,3.7,4.1,3.8,3.85,4.15,3.45,3.8,3.45,4,4.4,4.15,4.15,4.05,4.1,4.1,4.01,4,4,3.9,4.2,4,4.1,4.4,4.2,3.7,4.16,3.8,3.8,4.1,3.9,3.8
Union Berlin,RB Leipzig,0,3,A,0,3.3,3.2,3.2,3.15,3.2,3.2,3.25,0,3.1,2.98,3.2,3.3,3.2,3.2,3.05,3.25,3.15,3.38,3.2,3.15,3.01,3.2,3.2,2.92,2.98,3.15,3.02,3.3,3.25,3.25,3.2,3.05,3.15,3.29,3.05,3.3,0,3.1,3.05,3.38,3.23,3.32,3.3,3.3,3.2,3.25,3.2,3.3,3.3,3.1,3.15,3.2,3.03,3.2,3.25,3.3,3.25,3.1,3.2,3.2,3.55,3.25,3.25,3.25,3.2,3.25,3.1,3.1,3.1,3.2,3.2,3.2,3.15,3.1,2.95,3.1,2.99,3.15,3.15,3.05,3.25,3.2,3.13,2.93,3.2,3.2,3.15,0,3.25,3.35,0,3.15,3.25,3.2,3.3,3.39,3.2,3.2,3.2,2.96,2.94,3.2,3.2,3.25,2.9,3.2,2.95,3.05,3.2,3.16,0,0,0,3.25,3.2,2.9,3.05,3.19,3.1,3.1,3.1,3.2,3.05,3.1,3.3,3.2,3.05,0,3.2,3.1,3.2,3.1,3,3.3,3.2,3.2,3.2,3.2,3.2,3.25,3.2,3.1,3.1,3.1,3.2,3.3,3.2,3.15,2.88,3,3.45,3.26,3.26,3.2,3.3,3.35,3.15,3.2,3.18,3.25,3.2,3.05,3.26,3.41,3.3,3.1,3.2,3.05,3.05,3.3,3.15,2.95,0,3.2,3.4,3.25,3.25,3.2,3.5,3.25,0,3.25,3.4,3.3,3.25,3.3,3.5,3.45,3.5,3.25,3.3,3.35,3.2,3.28,3.4,3.5,3.15,3.4,3.2,3.34,3.35,3.5,3.4,3.42,3.4,3.3,3.57,3.4,3.3,0,3.45,3.4,3.3,3.15,3.25,3.4,3.2,3.3,3.3,3.2,3.45,3.3,3.25,3.25,3.25,3.03,3.3,3.25,3.35,3.4,3.25,3.3,3.25,3.5,3.4,3.5,3.4,3.33,3.5,3.3,3.3,3.3,3.4,3.4,3.4,3.55,3.4,3.1,3.4,3.5,3.35,3.15,3.3,3.3,3.3,3.13,3.3,3.4,3.4,3.3,0,3.25,3.45,0,3.25,3.4,3.35,3.25,3.31,3.4,3.2,3.4,3.06,3.12,3.35,3.35,3.35,2.95,3.4,3.25,3.4,3.3,3.38,0,0,0,3.25,3.3,3.05,3.45,3.19,3.25,3.25,3.25,3.3,3.4,3.2,3.3,3.25,3.1,0,3.4,3.25,3.3,3.2,3.1,3.25,3.3,3.3,3.3,3.3,3.3,3.25,3.4,3.25,3.25,3.3,3.4,3.3,3.4,3.35,3,3.3,3.38,3.21,3.21,3.45,3.4,3.55,3.28,3.3,3.28,3.35,3.3,3.4,3.18,3.33,3.2,3.1,3.3,3.05,3.1,3.3,3.15,3.3,1,2.25,2.2,2.25,2.2,2.2,2.27,2.3,0,2.25,2.15,2.3,2.25,2.25,2.27,2.3,2.25,2.2,2.3,2.25,2.28,2.13,2.25,2.27,2.27,2.15,2,2.12,2.26,2.25,2.26,2.24,2.32,2.28,2.32,2.32,2.3,0,2.33,2.32,2.3,2.21,2.27,2.3,2.25,2.3,2.27,2.25,2.24,2.32,2.25,2.2,2.27,2.17,2.23,2.29,2.26,2.26,2.25,2.23,2.25,2.04,2.31,2.25,2.29,2.25,2.25,2.2,2.2,2.2,2.25,2.25,2.25,2.25,2.2,2.1,2.2,2.2,2.25,2.24,2.16,2.3,2.25,2.22,2.29,2.2,2.2,2.25,0,2.29,2.3,0,2.25,2.26,2.31,2.25,2.3,2.25,2.25,2.3,2.1,2.13,2.3,2.3,2.2,2.1,2.25,2.04,2.3,2.3,2.22,0,0,0,2.26,2.24,2.15,2.3,2.25,2.22,2.25,2.25,2.25,2.3,2.2,2.31,2.25,2.15,0,2.25,2.1,2.25,2.2,2.2,2.25,2.3,2.3,2.24,2.24,2.25,2.29,2.2,2.25,2.25,2.2,2.25,2.27,2.27,2.25,2.1,2.3,2.34,2.22,2.22,2.4,2.2,2.24,2.26,2.25,2.22,2.16,2.3,2.32,2.23,2.32,2.22,2.1,2.28,2.15,2.15,2.31,2.3,2.02
Bayern Munich,Leverkusen,2,2,D,0,1.5,1.44,1.5,1.46,1.45,1.59,1.5,1.45,1.48,1.5,1.45,1.49,1.57,1.53,1.58,1.6,1.47,1.41,1.6,1.59,1.5,1.49,1.53,1.49,1.5,1.47,1.4,1.55,1.6,1.59,1.48,1.58,1.47,1.62,1.58,1.48,1.53,1.6,1.58,1.45,1.41,1.44,1.5,1.4,1.5,1.5,1.47,1.59,1.5,1.59,1.46,1.48,1.43,1.48,1.47,1.55,1.62,1.4,1.48,1.57,1.64,1.61,1.6,1.63,1.48,1.5,1.57,1.43,1.43,1.49,1.49,1.49,1.44,1.58,1.44,1.58,1.47,1.43,1.46,1.48,1.53,1.57,1.46,1.57,1.58,1.58,1.6,1.49,0,0,0,1.57,1.5,1.63,1.48,1.45,1.49,1.58,1.6,1.42,1.47,1.58,1.58,1.57,1.4,1.57,1.47,1.57,1.5,1.43,0,0,0,1.5,1.48,1.5,1.58,1.46,1.45,1.57,1.57,1.5,1.57,1.4,1.57,1.51,1.43,0,1.49,1.51,1.57,1.4,1.4,1.45,1.5,1.5,1.48,1.6,1.6,1.57,1.44,1.6,1.4,1.55,1.59,1.5,1.6,1.6,1.5,1.5,1.47,1.45,1.45,1.6,1.47,1.61,1.48,1.48,0,1.55,1.5,1.58,1.42,1.46,1.47,1.44,1.48,1.43,1.43,1.5,1.48,1.37,1,5,5,4.6,4.9,4.8,4.9,4.8,4.5,4.7,4.6,5.25,5.25,4.4,5,4.7,5,4.8,5.28,4.75,4.7,4.55,4.8,5,4.3,4.6,4.45,4.94,5,5,5,5,4.75,4.9,4.94,4.7,5,4.3,4.7,4.7,5.5,5.1,5.4,5.1,5,4.9,5,4.9,4.8,5.2,4.83,4.85,5,4.53,5,4.9,5,5.2,5,5,4.6,4.4,4.65,5,4.7,5,4.93,4.75,4.75,4.75,5.2,5.2,5.2,5,4.6,4.33,4.6,4.75,5.2,4.8,4.65,4.8,4.75,4.74,4.5,4.6,4.6,4.5,0,5,0,0,4.6,4.95,4.65,5.1,5.5,4.8,4.65,4.6,4.44,4.44,4.9,4.9,4.6,4.3,4.75,4.35,4.6,4.9,5.05,0,0,0,5,5,4.25,4.7,4.86,4.8,4.7,4.7,5,4.6,4.75,4.54,4.85,4.55,0,4.8,4.55,4.6,4.9,4.75,5.2,4.9,4.9,5,4.6,4.6,4.75,5,4.55,5,4.5,4.74,5,4.8,4.7,4.2,4.8,5.7,4.9,4.9,5.2,5.2,5,4.79,5,0,4.8,4.9,4.75,5.2,5.6,4.95,4.4,4.94,4.6,4.6,5.2,5.05,5.2,0,5,5.8,5.8,5.3,5.5,4.9,5.75,4.4,5.6,5.1,6,5.25,5,5.3,4.8,4.75,5.25,6.09,4.5,4.5,4.6,5.75,5.3,5.2,5.1,4.4,5.4,5.6,4.75,4.9,5.7,4.75,5.4,5.09,4.8,5.5,4.75,4.9,4.8,6,5.6,5.9,5.5,5.5,5.5,5.4,5.4,4.7,5.6,4.63,5.25,5.4,4.98,5.4,5.4,5.6,5,5.5,5.4,5,4.5,4.65,4.75,4.7,5.33,5.88,4.5,6,6,5.4,5.4,5.4,5.75,4.75,5,4.75,5.43,5.7,5.3,5.3,5.25,4.65,5.2,4.5,4.7,4.7,4.5,0,5.5,0,0,4.6,5.8,4.55,5.6,6.2,5.75,4.6,4.6,4.8,4.35,4.7,4.7,4.6,4.7,4.75,4.4,4.8,5.5,6.05,0,0,0,5.4,5.4,4.1,4.8,5.57,5.3,4.5,4.5,5.5,4.8,5.5,5.5,5.15,4.95,0,5.75,4.35,4.85,5.7,5.5,5.9,5.5,5.5,5.5,4.6,4.55,4.75,6,4.5,5.5,4.75,4.74,5.4,4.6,4.7,4.05,5,6.3,5.55,5.55,4.9,5.5,4.85,5.64,5.5,0,4.6,5.5,4.75,5.7,6.2,5.6,4.4,5.75,5,5,5.6,5.8,6
Mainz,Stuttgart,1,3,A,0,2.15,2.15,2.4,2.25,2.15,2.44,2.15,0,2.13,2.09,2.4,2.15,2.45,2.17,2.48,2.5,2.25,2.62,2.45,2.48,2.38,2.25,2.17,2.23,2.09,2.34,2.04,2.26,2.5,2.52,2.3,2.48,2.16,2.58,2.48,2.15,0,2.5,2.48,2.2,2.12,2.17,2.35,2.1,2.15,2.32,2.16,2.55,2.37,2.44,2.26,2.14,2.05,2.3,2.13,2.26,2.64,2.25,2.3,2.5,2.62,2.48,2.5,2.5,2.3,2.3,2.4,2.15,2.15,2.3,2.3,2.3,2.15,2.45,2.15,2.45,2.2,2.17,2.11,2.26,2.15,2.45,2.09,2.45,2.45,2.45,2.45,0,2.16,0,0,2.45,2.32,2.53,2.3,2.2,2.25,2.4,2.3,2.15,2.27,2.5,2.5,2.45,1.99,2.45,2.3,2.45,2.15,2.16,0,0,0,2.32,2.3,2.3,2.48,2.16,2.22,2.45,2.45,2.3,2.45,2.2,2.25,2.3,2.2,0,2.25,2.4,2.45,2.2,2.2,2.17,2.15,2.15,2.3,2.5,2.48,2.6,2.3,2.45,2.25,2.2,2.5,2.32,0,2.5,2.3,2.25,2.24,2.32,2.32,2.46,2.25,2.42,2.3,2.3,0,2.47,2.15,2.48,2.14,2.22,2.32,2.3,2.18,2.2,2.2,2.18,2.2,2.1,0,3.5,3.7,3.4,3.5,3.4,3.6,3.7,0,3.65,3.55,3.6,3.9,3.4,3.75,3.6,3.75,3.5,3.4,3.5,3.45,3.43,3.6,3.75,3.35,3.55,3.35,3.66,3.55,3.75,3.65,3.62,3.6,3.45,3.73,3.6,3.8,0,3.65,3.6,3.62,3.45,3.56,3.6,3.4,3.75,3.55,3.45,3.6,3.6,3.45,3.48,3.75,3.53,3.55,3.7,3.55,3.65,3.6,3.55,3.6,3.3,3.55,3.75,3.55,3.6,3.6,3.4,3.5,3.5,3.65,3.65,3.65,3.4,3.5,3.3,3.5,3.55,3.45,3.7,3.5,3.75,3.6,3.64,3.55,3.55,3.55,3.5,0,3.8,0,0,3.5,3.55,3.55,3.55,3.63,3.6,3.5,3.6,3.27,3.31,3.55,3.55,3.5,3.4,3.6,3.4,3.6,3.75,3.6,0,0,0,3.5,3.55,3.25,3.6,3.49,3.45,3.5,3.5,3.6,3.6,3.5,3.48,3.5,3.35,0,3.6,3.4,3.5,3.5,3.5,3.55,3.75,3.75,3.55,3.5,3.5,3.5,3.5,3.45,3.6,3.5,3.5,3.55,0,3.55,3.2,3.5,3.71,3.47,3.47,3.6,3.6,3.7,3.53,3.55,0,3.5,3.75,3.6,3.47,3.66,3.5,3.3,3.54,3.35,3.35,3.85,3.65,3.45,1,3.2,3.1,2.8,2.85,3.1,2.8,3.15,0,3.05,3,2.8,3,2.75,3.2,2.7,2.7,2.85,2.79,2.7,2.65,2.53,2.95,3.2,2.83,3,2.48,2.94,2.9,2.7,2.64,2.94,2.7,3.15,2.79,2.7,3.05,0,2.75,2.7,3.29,3.14,3.23,2.95,3.1,3.1,3,3.15,2.72,3,2.63,2.86,3.05,2.87,2.9,3,2.9,2.76,2.88,2.9,2.63,2.7,2.74,2.7,2.75,2.9,3.1,2.7,3,3,2.9,2.9,2.9,3.2,2.7,2.75,2.7,2.95,3.15,3,2.73,3.15,2.65,2.96,2.57,2.7,2.7,2.7,0,3.1,0,0,2.7,3,2.72,2.95,3.3,2.95,2.7,2.9,2.7,2.57,2.7,2.7,2.7,2.75,2.66,2.45,2.7,3.1,3.1,0,0,0,2.95,2.9,2.5,2.7,3.12,2.87,2.65,2.65,3,2.7,2.88,3.29,2.95,2.75,0,2.95,2.55,2.72,2.85,2.88,3.25,3.1,3.1,2.9,2.68,2.7,2.6,3,2.65,2.88,3,2.74,3,0,2.75,2.45,2.9,3.37,2.87,2.87,3,3,2.9,2.89,2.9,0,2.61,3.1,2.7,3.17,3.33,2.88,2.6,3.2,2.75,2.75,3.1,3.15,3.15
RB Leipzig,Augsburg,3,0,H,1,1.33,1.29,1.22,1.21,1.29,1.22,1.33,0,1.31,1.31,1.2,1.32,1.2,1.33,1.19,1.22,1.21,1.2,1.2,1.22,1.17,1.22,1.33,1.3,1.31,1.16,1.24,1.22,1.22,1.22,1.22,1.19,1.26,1.24,1.19,1.29,1.18,1.2,1.19,1.34,1.31,1.33,1.23,1.3,1.35,1.23,1.26,1.24,1.23,1.2,1.21,1.3,1.28,1.23,1.32,1.22,1.23,1.18,1.23,1.2,0,1.2,1.22,1.22,1.22,1.24,1.2,1.3,1.3,1.24,1.24,1.24,1.3,1.21,1.19,1.21,1.21,1.3,1.31,1.21,1.33,1.21,1.3,1.21,1.2,1.2,1.23,0,1.33,0,0,1.18,1.23,1.23,1.22,1.34,1.22,1.2,1.25,1.18,1.15,1.22,1.22,1.18,1.26,1.25,1.16,1.18,1.35,1.32,0,0,0,1.24,1.23,1.18,1.19,1.32,1.19,1.2,1.2,1.25,1.18,1.18,1.31,1.23,1.19,0,1.22,1.18,1.2,1.17,1.18,1.33,1.35,1.35,1.23,1.22,1.21,1.2,1.2,1.2,1.18,1.22,1.22,1.23,0,1.22,1.17,1.2,1.36,1.21,1.21,1.27,1.2,1.21,1.2,1.22,0,1.19,1.35,1.19,1.32,1.35,1.23,1.17,1.26,1.19,1.19,1.34,1.32,1.22,0,6,6,6.5,6.5,5.75,7.3,5.75,0,5.4,5.4,7,6,6.5,6.1,7.5,7,6.5,7.5,7.25,6.9,6.6,7,6.1,4.7,5.4,5.9,5.75,7,7,7.6,6.85,7.5,6,7.5,7.5,5.5,6.1,7.5,7.5,6.2,5.6,6,7,5.5,5.75,6.5,6,7,7.1,6.55,6.35,5.8,5.1,6.65,5.6,7,7.8,6.5,6.65,6.5,0,7.5,7,7.2,6.67,6.5,6.5,5.5,5.5,7,7,7,5.75,7.25,6,7.25,6.6,6,5.45,6.4,6,7.5,5.37,6.4,7,7,6.7,0,5.6,0,0,7,6.7,7,6.9,6.2,7,7,7,5.57,6.23,7,7,7,4.7,6.5,5.8,7.5,5.75,5.65,0,0,0,6.8,6.6,5.6,7.5,5.57,6.5,6.7,6.7,6.8,7.5,6.5,6.8,6.75,5.8,0,7,6.3,7.2,6.5,6.5,6,5.75,5.75,6.75,6.9,6.9,7,7,6.75,6.5,6,7,6.5,0,7,5.7,6.5,6.4,7,7,7.25,7.2,7.75,6.79,6.5,0,7.25,5.75,7.5,5.7,6.3,6.8,6,6.4,5.9,5.9,5.8,6,6.2,0,7,9,13,10.25,8,12,8.5,0,8,7.6,14,7.5,15,8,14,13,10,13.58,11,11.25,10,11.5,8,8.25,7.6,9.75,8,11,13,13.5,11.75,14,8.75,12.9,14,8,11.5,14,14,7.9,7.2,7.6,12,7,7.75,12,8.75,13,12,10.5,10,8.2,6.95,10.55,7.7,13,13.5,12,10.6,13,0,11.85,13,12,11,13,11,7.5,7.5,10,10,10,7.5,12.5,9.75,12.5,10.31,7.75,7.5,10,7.5,10.25,7.36,9.7,12.5,12.5,10,0,8.4,0,0,11,12,11.5,11.5,7.9,11.5,11,10,8.71,9.78,11,11,11,6.4,9.5,9.8,14,7.75,7.9,0,0,0,11,11,8.75,14,7.66,10.5,10.5,10.5,10.5,14,12,7.8,10,9.1,0,11.5,9.9,11.2,12,12,7.7,7.75,7.75,10.5,10.75,11,14,12,10.75,12,11,11,12,0,12,8.5,11.5,8.2,10,10,11,12,12.5,12.8,11,0,11,7.75,14,7.3,8,9.75,10,9.6,9,9,8.2,8.3,9.25
Wolfsburg,Union Berlin,2,1,H,1,2.25,2.2,2.25,2.2,2.25,2.27,2.2,0,2.18,2.23,2.35,2.2,2.25,2.35,2.17,2.3,2.25,2.22,2.25,2.26,2.13,2.3,2.35,2.39,2.23,2.14,2.09,2.3,2.3,2.3,2.24,2.2,2.17,2.31,2.17,2.2,0,2.2,2.17,2.31,2.23,2.28,2.3,2.2,2.3,2.27,2.17,2.26,2.33,2.23,2.24,2.19,2.09,2.28,2.17,2.3,2.3,2.25,2.28,2.3,2.16,2.25,2.3,2.3,2.29,2.35,2.2,2.2,2.2,2.3,2.3,2.3,2.3,2.25,2.15,2.25,2.2,2.27,2.15,2.2,2.25,2.25,2.14,2.25,2.25,2.25,2.25,0,2.2,0,2.2,2.31,2.3,2.25,2.32,2.3,2.25,2.3,2.14,0,2.09,2.28,2.28,2.2,2.02,2.2,2.09,2.15,2.3,2.24,0,0,0,2.3,2.28,2.1,2.17,2.17,2.2,2.2,2.25,2.3,2.15,2.2,2.34,2.3,2.15,0,2.3,2.1,2.25,2.2,2.2,2.3,2.3,2.3,2.28,2.26,2.26,2.29,2.3,2.25,2.25,2.3,2.28,2.27,0,2.25,2.1,2.25,2.36,2.25,2.25,2.45,2.3,2.23,2.26,2.3,0,2.21,2.3,2.2,2.25,2.33,2.26,2.15,2.19,2.15,2.15,2.22,2.22,2.1,0,3.3,3.5,3.3,3.35,3.3,3.5,3.6,0,3.45,3.4,3.3,3.7,3.3,3.6,3.45,3.5,3.3,3.37,3.4,3.3,3.25,3.4,3.6,3.3,3.4,3.2,3.45,3.35,3.5,3.4,3.48,3.45,3.5,3.6,3.45,3.6,0,3.5,3.45,3.47,3.3,3.41,3.5,3.25,3.4,3.4,3.5,3.45,3.4,3.28,3.32,3.55,3.33,3.4,3.5,3.35,3.45,3.3,3.4,3.3,3.2,3.4,3.5,3.45,3.4,3.6,3.3,3.3,3.3,3.45,3.45,3.45,3.2,3.4,3.2,3.4,3.45,3.35,3.5,3.3,3.5,3.4,3.44,3.3,3.4,3.4,3.35,0,3.6,0,3.35,3.45,3.4,3.4,3.47,3.4,3.3,3.4,3.12,0,3.16,3.4,3.4,3.35,3.2,3.4,3.25,3.45,3.4,3.46,0,0,0,3.3,3.4,3.1,3.45,3.52,3.3,3.35,3.3,3.4,3.45,3.3,3.38,3.4,3.2,0,3.4,3.25,3.4,3.3,3.3,3.4,3.4,3.4,3.4,3.35,3.35,3.25,3.4,3.3,3.3,3.4,3.4,3.4,0,3.4,3.05,3.3,3.55,3.42,3.42,3.45,3.4,3.6,3.32,3.35,0,3.3,3.4,3.45,3.34,3.5,3.45,3.1,3.58,3.2,3.2,3.65,3.65,3.45,0,3.1,3.1,3.2,3.05,3,3.2,3.15,0,3.15,2.83,3.15,3.1,3.2,2.98,3.3,3.1,3,3.25,3.15,3.1,3.02,3,2.98,2.65,2.83,2.87,3,3.05,3.1,3.25,3.16,3.25,3.1,3.29,3.3,3.15,0,3.3,3.3,3.19,3.05,3.14,3.1,3,3.15,3.15,3.1,3.25,3.2,3.07,3.02,3.1,2.93,3.05,3.1,3.05,3.3,3,3.05,3.1,3.5,3.21,3.1,3.2,3.1,3,3.1,3.1,3.1,3.1,3.1,3.1,3.1,3.1,2.8,3.1,3.02,3.1,3.05,2.97,3.1,3.15,3.02,3,3.1,3.1,3.1,0,3.15,0,3.15,3.1,3.15,3.2,3.2,3,3.1,3.2,2.85,0,2.98,3.15,3.15,3.15,2.8,3.2,2.85,3.3,3.15,3.06,0,0,0,3.1,3.05,2.95,3.3,3.08,3,3.1,3.1,3.1,3.3,3,3.19,3,2.9,0,3,3.1,3.11,3,3,3.15,3.15,3.15,3.05,3.1,3.1,3.25,3,3.1,3,2.9,3.15,3.15,0,3.2,2.85,3.1,3.26,3.01,3.01,3.1,3.1,3.3,3.13,3.1,0,3.15,3.15,3.25,3.08,3.23,3,3,3.15,2.9,2.9,3.2,3.15,3.1
FC Koln,Hoffenheim,1,3,A,0,2.25,2.25,2.2,2.1,2.3,2.2,2.3,0,2.26,2.12,2.2,2.3,2.2,2.22,2.23,2.3,2.12,1.98,2.2,2.24,2.15,2.15,2.22,2.23,2.12,1.94,2.2,2.16,2.3,2.26,2.13,2.23,2.28,2.33,2.23,2.3,0,2.25,2.23,2.42,2.32,2.38,2.1,2.3,2.4,2.18,2.28,2.28,2.1,2.2,2.13,2.28,2.18,2.17,2.26,2.16,2.28,2.1,2.17,2.2,2.18,2.25,2.3,2.27,2.17,2.2,2.2,2.3,2.3,2.2,2.2,2.2,2.35,2.25,2.05,2.25,2.1,2.37,2.25,2.14,0,2.25,2.23,2.2,2.2,2.2,2.2,0,2.3,0,0,2.15,2.17,2.26,2.15,2.42,2.15,2.2,2.2,2.04,2.1,2.26,2.26,2.2,2.11,2.2,2.04,2.2,2.4,2.38,0,0,0,2.19,2.17,2.1,2.23,2.26,2.02,2.2,2.2,2.2,2.2,2.1,2.35,2.17,2.05,0,2.15,2.1,2.15,2.05,2.1,2.4,2.4,2.4,2.17,2.18,2.2,2.15,2.15,2.2,2.1,2.15,2.2,2.18,0,2.25,2.1,2.15,2.47,2.14,2.14,2.3,2.15,2.19,2.17,2.15,0,2.18,2.4,2.23,2.34,2.44,2.08,2.05,2.31,2.05,2.05,2.32,2.34,2.2,0,3.5,3.7,3.5,3.55,3.4,3.8,3.6,0,3.55,3.65,3.6,3.8,3.6,3.75,3.8,3.75,3.5,3.73,3.65,3.55,3.65,3.75,3.75,3.35,3.65,3.55,3.56,3.65,3.75,3.8,3.74,3.8,3.65,3.87,3.8,3.6,0,3.85,3.8,3.61,3.45,3.56,3.8,3.4,3.5,3.65,3.65,3.8,3.8,3.55,3.55,3.55,3.45,3.65,3.65,3.65,3.8,3.5,3.65,3.6,3.65,3.7,3.75,3.7,3.6,3.75,3.6,3.5,3.5,3.7,3.7,3.7,3.35,3.7,3.4,3.7,3.65,3.5,3.6,3.6,0,3.7,3.55,3.65,3.7,3.7,3.6,0,3.7,0,0,3.65,3.7,3.65,3.7,3.62,3.75,3.6,3.6,3.34,3.4,3.65,3.65,3.65,3.3,3.66,3.45,3.8,3.5,3.56,0,0,0,3.55,3.65,3.35,3.8,3.63,3.6,3.6,3.6,3.7,3.8,3.5,3.47,3.6,3.4,0,3.75,3.55,3.65,3.45,3.5,3.55,3.5,3.5,3.65,3.65,3.6,3.6,3.6,3.6,3.5,3.6,3.65,3.65,0,3.7,3.3,3.5,3.7,3.63,3.63,3.8,3.7,3.8,3.66,3.6,0,3.7,3.5,3.8,3.47,3.65,3.65,3.5,3.7,3.4,3.4,3.75,3.75,3.65,1,3,2.88,3,3.05,2.8,3.1,2.95,0,2.9,2.89,3.1,2.8,3.1,3.1,2.95,3,3.05,3.52,3,2.95,2.73,3.1,3.1,2.83,2.89,3,2.73,3.15,3,3,3.18,2.95,2.82,3.05,2.95,2.9,0,3,2.9,2.91,2.78,2.86,3.4,2.75,2.85,3.15,2.82,3,3.4,2.91,3.03,2.95,2.7,3.1,2.83,3.15,3.05,3.1,3.1,3.1,3.05,2.98,3,3.05,3.1,3.1,2.88,2.75,2.75,3.1,3.1,3.1,2.85,2.95,2.85,2.95,3.08,2.82,2.8,2.88,0,2.95,2.78,2.85,2.95,2.95,3.05,0,2.9,0,0,3.05,3.2,3.05,3.15,2.91,3.1,2.95,3,2.86,2.77,3,3,2.95,2.6,3,2.8,2.95,2.85,2.76,0,0,0,3.1,3.1,2.75,2.95,2.83,3.15,2.95,2.95,3.1,2.95,3.1,3.09,3.1,2.9,0,3.1,2.85,3.11,3.1,3.1,2.85,2.85,2.85,3.1,3.05,3.05,3.25,3.1,3,3.1,3,3.1,3.15,0,3,2.75,3.1,2.97,3.07,3.07,3.1,3.1,3.2,3.05,3.1,0,2.92,2.85,2.95,2.81,2.93,3.2,2.88,2.86,2.9,2.9,2.9,2.86,2.75
Freiburg,Dortmund,2,4,A,0,3.1,3.1,3.2,3.3,3,3.2,3.15,3.15,3.15,2.93,2.95,3,3.25,2.99,3.1,3.2,3.3,3.46,3.25,3.2,2.84,3.1,2.99,2.87,2.93,3.15,2.99,3.15,3.2,3.15,3.42,3.25,3.05,3.31,3.1,3.1,3.13,3.1,3.1,3.18,3.04,3.13,3.5,3,3,3.4,3.05,3.2,3.5,3.13,3.28,3.1,2.91,3.3,3.05,3.15,3.4,3.25,3.3,3.25,0,3.25,3.2,3.3,3.33,3.25,3,2.9,2.9,3.35,3.35,3.35,3.1,3.1,2.9,3.1,3.21,3.1,3.05,3.15,2.95,3.1,3,3,3.2,3.2,3.2,0,3.1,0,0,3.2,3.4,3.25,3.45,3.19,3.1,3.2,3.2,3.05,2.9,3.25,3.25,3.2,2.8,3,2.85,3.1,3,2.95,0,0,0,3.4,3.35,2.85,3.1,3.07,3.25,3.2,3.15,3.4,3.1,3.2,3.09,3.35,3.15,0,3.1,3,3.27,3.2,3.2,3.15,3,3,3.37,3.2,3.25,3.25,3.3,3.2,3.25,3.15,3.25,3.5,3.2,0,2.9,3.5,3.26,3.29,3.29,3.4,3.5,3.4,3.29,3.35,0,3.1,3,3.25,3.07,3.21,3.3,3.1,3.1,3.15,3.15,3.15,3.15,3.05,0,3.5,4,3.7,3.7,3.6,4,3.8,3.65,3.75,3.7,3.9,4.1,3.7,3.95,3.9,3.75,3.7,3.94,3.7,3.65,3.77,3.8,3.95,3.35,3.7,3.7,3.85,3.65,3.75,4,3.94,3.9,3.65,4.06,3.9,4,3.6,3.95,3.85,3.62,3.45,3.56,3.8,3.4,4,3.8,3.65,4,3.8,3.63,3.7,3.95,3.7,3.75,3.9,3.65,4,3.7,3.75,3.75,0,3.88,3.75,3.75,3.75,4,3.8,3.75,3.75,3.9,3.9,3.9,3.35,3.8,3.5,3.8,3.8,3.5,3.85,3.7,3.9,3.9,3.82,3.75,3.85,3.85,3.65,0,4,0,0,3.85,3.8,3.7,3.9,3.63,3.8,3.85,3.8,3.45,3.48,3.75,3.75,3.85,3.55,3.75,3.65,3.9,4,3.82,0,0,0,3.7,3.75,3.4,3.9,3.68,3.75,3.7,3.65,3.8,3.9,3.6,3.66,3.75,3.55,0,3.8,3.6,3.75,3.6,3.6,3.55,4,4,3.75,3.65,3.65,3.75,3.9,3.65,3.7,3.8,3.7,3.75,3.85,0,3.35,3.5,3.71,3.75,3.75,3.95,3.8,3.9,3.88,3.75,0,3.9,4,3.9,3.47,3.66,3.75,3.5,3.7,3.55,3.55,4,3.8,3.5,1,2.2,2.05,2.05,1.95,2.1,2.09,2.1,1.83,2.06,2.14,2.2,2.05,2.1,2.2,2.12,2.15,1.98,1.94,2.05,2.1,2.05,2.1,2.2,2.22,2.14,1.85,1.97,2.02,2.15,2.12,1.98,2.05,2.14,2.14,2.12,2.09,2,2.14,2.14,2.25,2.17,2.22,2.05,2.15,2.15,2.02,2.14,2.12,2.05,2.06,1.98,2.07,1.98,2.05,2.05,2.02,2.14,2,2.05,2.05,0,2.07,2.15,2.13,2,2.1,2.05,2.15,2.15,2,2,2,2.2,2.1,2,2.1,2,2.22,2.04,2.03,2.2,2.1,2.02,2.07,2.05,2.05,2.1,0,2.09,0,0,2,2.05,2.14,1.98,2.26,2.1,2,2.1,1.92,2,2.1,2.1,2,1.92,2.16,1.96,2.1,2.15,2.17,0,0,0,2.03,2.01,2,2.12,2.12,1.95,2.05,2.1,2,2.1,2,2.28,2.02,1.92,0,2.1,2,2.05,2,2,2.2,2.15,2.15,2.01,2.1,2.09,2.04,2,2.05,2,2,2.11,2.02,2.1,0,1.95,2,2.3,2,2,2.12,1.97,2.08,2.01,2,0,2.04,2.15,2.05,2.19,2.27,2.02,1.95,2.17,1.92,1.92,2.1,2.15,2.1
Bochum,Ein Frankfurt,1,1,D,0,4,4,3.1,3.1,4.1,3.1,3.95,0,3.9,3.55,3.05,3.9,3,3.95,3,2.95,3.1,3.08,3.05,2.95,2.73,3.2,3.95,3.6,3.55,2.97,3.92,3.05,2.95,2.96,3.26,3,4.15,3.04,3,3.8,2.75,3,3,4.3,4.1,4.2,3.2,4,3.8,3.25,4.15,3,3.3,2.98,3.08,3.95,3.67,3.15,3.9,3.05,3.05,3.1,3.15,2.88,0,3.07,2.95,3.05,3.14,3.25,2.9,4,4,3.45,3.45,3.45,4.2,2.95,3,2.95,3.19,4.1,3.85,2.98,3.8,2.95,3.79,2.86,3.05,3.05,3,0,4,0,0,3.1,3.3,3,3.3,4.33,3.2,3.1,3,2.91,2.72,3,3,3,3.5,2.9,0,3,3.8,4.3,0,0,0,3.2,3.15,2.65,3,3.88,3.1,2.9,2.9,3.2,3,3.1,4.14,3.15,3.75,0,3.2,2.8,3.05,3.1,3.1,4.2,3.8,3.8,3.15,2.98,3,3.1,3.25,2.95,3.1,3.15,3.15,3.25,0,3.05,2.75,3.2,4.4,3.22,3.22,3.25,3.3,3.15,3.17,3.2,0,2.88,3.8,3,4.1,4.33,3.25,2.75,4.02,2.8,2.8,4,4.05,2.95,1,3.8,3.9,3.6,3.65,3.7,3.8,3.95,0,3.9,3.7,3.8,4.1,3.6,3.85,3.65,3.75,3.6,3.57,3.65,3.55,3.48,3.7,3.85,3.45,3.7,3.4,3.88,3.7,3.75,3.65,3.76,3.65,3.8,3.78,3.65,3.8,3.6,3.7,3.65,4,3.82,3.96,3.8,3.75,3.9,3.7,3.8,3.6,3.6,3.65,3.63,3.95,3.67,3.7,3.9,3.7,3.7,3.8,3.7,3.75,0,3.62,3.75,3.8,3.75,3.75,3.5,4,4,3.75,3.75,3.75,3.75,3.7,3.4,3.7,3.65,3.85,3.85,3.65,3.9,3.5,3.79,3.55,3.65,3.65,3.7,0,4,0,0,3.6,3.7,3.75,3.75,4,3.7,3.55,3.6,3.42,3.33,3.65,3.65,3.6,3.5,3.6,0,3.6,3.9,3.98,0,0,0,3.65,3.7,3.3,3.65,3.88,3.6,3.6,3.6,3.7,3.6,3.75,3.95,3.7,3.6,0,3.7,3.45,3.6,3.7,3.75,3.95,3.9,3.9,3.7,3.7,3.7,3.75,3.75,3.65,3.8,3.6,3.75,3.7,0,3.7,3.3,3.5,4.2,3.61,3.61,3.8,3.6,3.85,3.72,3.7,0,3.5,3.9,3.65,3.87,4.1,3.65,3.4,4.02,3.55,3.55,4,4.05,3.7,0,1.8,1.8,2.15,2.05,1.75,2.24,1.83,0,1.8,1.9,2.2,1.8,2.2,1.9,2.25,2.3,2.08,2.33,2.2,2.25,2.21,2.1,1.9,1.88,1.9,2.01,1.7,2.02,2.3,2.36,2.09,2.25,1.76,2.37,2.25,1.83,2.2,2.28,2.25,1.8,1.75,1.78,2.15,1.73,1.88,2.1,1.76,2.34,2.2,2.27,2.08,1.82,1.74,2.1,1.8,2.02,2.36,2,2.1,2.25,0,2.23,2.3,2.23,2.1,2.15,2.25,1.73,1.73,2.05,2.05,2.05,1.77,2.25,1.98,2.25,2.05,1.78,1.79,2.13,1.88,2.3,1.78,2.23,2.2,2.2,2.2,0,1.83,0,0,2.1,2.12,2.23,2.08,1.81,2.1,2.15,2.2,1.99,2.15,2.27,2.27,2.2,1.7,2.28,0,2.25,1.88,1.73,0,0,0,2.13,2.11,2.15,2.25,1.8,2.05,2.25,2.25,2.1,2.25,2,1.85,2.1,1.74,0,2.1,2.15,2.2,2,2,1.77,1.88,1.88,2.11,2.2,2.19,2.1,2.05,2.15,2,2.05,2.16,2.1,0,2.25,2.1,2.1,1.83,2.08,2.08,2.22,2.1,2.19,2.09,2.1,0,2.24,1.88,2.25,1.76,1.81,2.08,2.15,1.79,2.05,2.05,1.84,1.82,2.1
Heidenheim,Werder Bremen,4,2,H,1,2.38,2.38,2.3,2.25,2.3,2.33,2.4,2.32,2.34,2.3,2.3,2.4,2.3,2.5,2.32,2.35,2.25,2.48,2.25,2.31,2.25,2.3,2.5,2.46,2.36,2.38,2.27,2.3,2.35,2.38,2.32,2.32,2.27,2.42,2.32,2.27,0,2.33,2.3,2.42,2.33,2.39,2.25,2.3,2.35,2.3,2.27,2.38,2.35,2.27,2.25,2.36,2.25,2.28,2.34,2.3,2.42,2.2,2.28,2.3,2.52,2.32,2.35,2.33,2.29,2.3,2.3,2.38,2.38,2.3,2.3,2.3,2.4,2.3,2.15,2.3,2.2,2.37,2.32,2.31,0,2.3,2.31,2.29,2.25,2.25,2.3,0,2.39,0,0,2.3,2.36,2.31,2.3,2.42,2.3,2.3,2.3,2.15,2.16,2.31,2.31,2.3,2.18,2.33,2.15,2.3,2.35,2.43,0,0,0,2.2,2.29,2.15,2.32,2.34,2.2,2.3,2.3,2.3,2.3,2.2,2.56,2.27,2.25,0,2.3,2.15,2.24,2.15,2.2,2.4,2.35,2.35,2.29,2.28,2.29,2.25,2.3,2.25,2.2,2.25,2.29,2.3,2.27,2.32,2.15,2.2,2.47,2.28,2.28,2.46,2.35,2.27,2.32,2.3,0,2.28,2.35,2.32,2.35,2.44,2.46,2.25,2.39,2.15,2.15,2.41,2.4,2.27,0,3.75,3.5,3.5,3.6,3.4,3.7,3.75,3.45,3.7,3.5,3.8,3.6,3.5,3.5,3.65,3.75,3.6,3.42,3.65,3.65,3.5,3.6,3.5,3.25,3.5,3.35,3.46,3.65,3.75,3.8,3.65,3.65,3.6,3.81,3.65,3.6,0,3.65,3.6,3.84,3.65,3.77,3.6,3.6,3.7,3.75,3.6,3.8,3.6,3.65,3.58,3.75,3.5,3.65,3.7,3.65,3.8,3.8,3.7,3.75,3.5,3.66,3.75,3.75,3.67,3.75,3.5,3.4,3.4,3.75,3.75,3.75,3.55,3.6,3.3,3.6,3.7,3.7,3.65,3.5,0,3.7,3.61,3.6,3.65,3.65,3.65,0,3.75,0,0,3.6,3.6,3.75,3.7,3.85,3.6,3.5,3.6,3.36,3.55,3.8,3.8,3.6,3.35,3.8,3.5,3.6,3.7,3.45,0,0,0,3.8,3.65,3.5,3.65,3.69,3.45,3.7,3.7,3.7,3.6,3.75,3.39,3.65,3.55,0,3.6,3.65,3.7,3.7,3.75,3.75,3.7,3.7,3.65,3.7,3.65,3.75,3.6,3.6,3.8,3.6,3.7,3.75,3.85,3.65,3.45,3.5,3.94,3.56,3.56,3.7,3.6,3.9,3.62,3.65,0,3.7,3.7,3.65,3.69,3.88,3.45,3.2,3.72,3.45,3.45,3.8,3.75,3.7,0,2.63,2.8,2.9,2.8,2.8,3,2.75,2.4,2.7,2.67,2.85,2.75,2.9,2.81,2.9,2.9,2.8,2.79,2.9,2.8,2.65,2.9,2.81,2.58,2.59,2.44,2.68,2.86,2.9,2.88,2.9,2.9,2.85,2.94,2.9,2.63,0,2.9,2.9,2.77,2.66,2.73,3.1,2.63,2.85,2.87,2.85,2.85,3,2.74,2.81,2.7,2.56,2.87,2.68,2.86,2.88,2.8,2.85,2.8,2.7,2.89,2.9,2.9,2.86,2.95,2.75,2.75,2.75,2.85,2.85,2.85,2.7,2.85,2.75,2.85,2.86,2.7,2.65,2.75,0,2.8,2.64,2.73,2.9,2.9,2.85,0,2.75,0,0,2.85,2.93,2.9,2.9,2.78,2.9,2.85,2.9,2.66,2.57,2.85,2.85,2.85,2.48,2.71,2.6,2.9,2.85,2.77,0,0,0,3.1,2.85,2.55,2.9,2.68,2.75,2.75,2.75,2.9,2.9,2.75,2.86,2.9,2.8,0,2.9,2.65,2.91,2.75,2.75,2.7,2.85,2.85,2.85,2.86,2.85,2.8,2.9,2.85,2.8,2.8,2.9,2.87,2.87,2.92,2.55,3,2.83,2.86,2.86,2.92,2.85,3,2.81,2.88,0,2.76,2.85,2.9,2.68,2.8,2.7,2.7,2.73,2.7,2.7,2.75,2.74,2.67
Darmstadt,M'gladbach,3,3,D,0,3.1,3.2,2.9,2.85,2.9,3,3.15,0,3.1,2.91,3,3.1,2.9,3.1,2.9,3,2.85,3.16,2.9,2.9,2.82,2.9,3.1,2.73,2.91,2.73,2.97,2.96,3,2.96,2.9,2.9,2.87,3.1,2.9,3.15,2.9,2.95,2.9,3.05,2.92,3.01,3.1,2.88,2.95,2.95,2.87,2.95,3.1,2.84,2.85,3.15,2.95,2.9,3.1,2.96,2.96,3,2.9,3,2.64,2.9,3,2.95,2.9,2.98,2.88,3,3,2.9,2.9,2.9,3,2.85,2.75,2.85,2.95,2.97,3.05,2.76,0,2.9,3.04,2.75,2.9,2.9,2.9,0,3.15,0,0,2.8,2.94,2.96,2.9,3.06,2.9,2.85,2.9,2.69,2.71,2.9,2.9,2.8,2.85,2.9,2.7,2.9,2.95,3.02,0,0,0,2.95,2.9,2.7,2.9,3.1,2.75,2.85,2.85,2.9,2.9,2.9,3.09,2.9,2.8,0,2.9,2.8,2.99,2.9,2.9,3.1,2.95,2.95,2.9,2.92,2.9,3,2.9,2.85,3,2.8,2.95,2.92,2.6,2.92,2.65,3,3.13,2.85,2.85,3,2.9,3.1,2.84,2.9,0,2.87,2.95,2.9,2.95,3.09,2.88,2.75,3.17,2.75,2.75,3.2,3.15,3.05,1,3.5,3.6,3.4,3.5,3.4,3.6,3.6,0,3.55,3.5,3.5,3.5,3.5,3.6,3.5,3.6,3.45,3.46,3.6,3.5,3.43,3.5,3.6,3.35,3.5,3.3,3.41,3.45,3.6,3.5,3.62,3.5,3.5,3.78,3.5,3.6,3.38,3.55,3.5,3.63,3.45,3.57,3.6,3.4,3.5,3.55,3.5,3.55,3.5,3.52,3.47,3.6,3.37,3.55,3.55,3.45,3.65,3.4,3.55,3.5,3.45,3.65,3.6,3.6,3.5,3.56,3.5,3.5,3.5,3.65,3.65,3.65,3.35,3.5,3.25,3.5,3.55,3.45,3.5,3.5,0,3.65,3.47,3.55,3.55,3.55,3.5,0,3.6,0,0,3.5,3.55,3.55,3.65,3.64,3.5,3.5,3.6,3.26,3.3,3.65,3.65,3.5,3.25,3.5,3.35,3.5,3.5,3.58,0,0,0,3.5,3.55,3.25,3.5,3.54,3.4,3.55,3.55,3.6,3.5,3.4,3.47,3.5,3.45,0,3.5,3.4,3.55,3.35,3.4,3.5,3.5,3.5,3.55,3.5,3.55,3.5,3.6,3.5,3.4,3.3,3.55,3.6,3.55,3.6,3.25,3.3,3.72,3.53,3.53,3.6,3.5,3.75,3.56,3.55,0,3.65,3.5,3.5,3.5,3.67,3.6,3.25,3.6,3.35,3.35,3.65,3.6,3.45,0,2.2,2.15,2.3,2.25,2.25,2.36,2.2,0,2.15,2.16,2.3,2.2,2.35,2.28,2.38,2.35,2.25,2.23,2.3,2.29,2.18,2.3,2.28,2.3,2.16,2.18,2.03,2.34,2.35,2.34,2.33,2.38,2.3,2.34,2.38,2.23,2.2,2.4,2.38,2.31,2.23,2.29,2.3,2.2,2.35,2.35,2.3,2.4,2.34,2.26,2.27,2.17,2.07,2.32,2.15,2.34,2.32,2.25,2.3,2.3,2.58,2.32,2.35,2.35,2.3,2.35,2.25,2.15,2.15,2.3,2.3,2.3,2.25,2.35,2.15,2.35,2.2,2.27,2.13,2.32,0,2.3,2.12,2.31,2.3,2.3,2.3,0,2.19,0,0,2.3,2.38,2.35,2.3,2.32,2.3,2.3,2.4,2.17,2.17,2.31,2.31,2.3,2.01,2.33,2.14,2.38,2.35,2.21,0,0,0,2.34,2.31,2.15,2.38,2.15,2.2,2.25,2.25,2.35,2.38,2.2,2.35,2.32,2.25,0,2.3,2.15,2.25,2.2,2.2,2.25,2.35,2.35,2.31,2.31,2.31,2.29,2.3,2.3,2.25,2.25,2.33,2.32,2.6,2.35,2.1,2.3,2.36,2.3,2.3,2.46,2.35,2.27,2.33,2.3,0,2.22,2.35,2.38,2.25,2.33,2.28,2.2,2.17,2.2,2.2,2.2,2.2,2.15