y,x1,x2,x3,x4,x5,x6,x7,x8,x9,x10,x11,x12,x13,x14,x15,x16,x17,x18,x19,x20,x21,x22,x23,x24,x25,x26,x27,x28,x29,x30,x31,x32,x33,x34,x35,x36,x37,x38,x39,x40,x41,x42,x43,x44,x45,x46,x47,x48,x49,x50,x51,x52,x53,x54,x55,x56,x57,x58,x59,x60,x61,x62,x63,x64,x65,x66,x67,x68,x69,x70,x71,x72,x73,x74,x75,x76,x77,x78,x79,x80,x81,x82,x83,x84,x85,x86,x87,x88,x89,x90,x91,x92,x93,x94,x95,x96,x97,x98,x99,x100,x101,x102,x103,x104,x105,x106,x107,x108,x109,x110,x111,x112,x113,x114,x115,x116,x117,x118,x119,x120,x121,x122,x123,x124,x125,x126,x127,x128,x129,x130,x131,x132,x133,x134,x135,x136,x137,x138,x139,x140,x141,x142,x143,x144,x145,x146,x147,x148,x149,x150,x151,x152,x153,x154,x155,x156,x157,x158,x159,x160,x161,x162,x163,x164,x165,x166,x167,x168,x169,x170,x171,x172,x173,x174,x175,x176,x177,x178,x179,x180,x181,x182,x183,x184,x185,x186,x187,x188,x189,x190,x191,x192,x193,x194,x195,x196,x197,x198,x199,x200,x201,x202,x203,x204,x205,x206,x207,x208,x209,x210,x211,x212,x213,x214,x215,x216,x217,x218,x219,x220,x221,x222,x223,x224,x225,x226,x227,x228,x229,x230,x231,x232,x233,x234,x235,x236,x237,x238,x239,x240,x241,x242,x243,x244,x245,x246,x247,x248,x249,x250,x251,x252,x253,x254,x255,x256,x257,x258,x259,x260,x261,x262,x263,x264,x265,x266,x267,x268,x269,x270,x271,x272,x273,x274,x275,x276,x277,x278,x279,x280,x281,x282,x283,x284,x285,x286,x287,x288,x289,x290,x291,x292,x293,x294,x295,x296,x297,x298,x299,x300,x301,x302,x303,x304,x305,x306,x307,x308,x309,x310,x311,x312,x313,x314,x315,x316,x317,x318,x319,x320,x321,x322,x323,x324,x325,x326,x327,x328,x329,x330,x331,x332,x333,x334,x335,x336,x337,x338,x339,x340,x341,x342,x343,x344,x345,x346,x347,x348,x349,x350,x351,x352,x353,x354,x355,x356,x357,x358,x359,x360,x361,x362,x363,x364,x365,x366,x367,x368,x369,x370,x371,x372,x373,x374,x375,x376,x377,x378,x379,x380,x381,x382,x383,x384,x385,x386,x387,x388,x389,x390,x391,x392,x393,x394,x395,x396,x397,x398,x399,x400,x401,x402,x403,x404,x405,x406,x407,x408,x409,x410,x411,x412,x413,x414,x415,x416,x417,x418,x419,x420,x421,x422,x423,x424,x425,x426,x427,x428,x429,x430,x431,x432,x433,x434,x435,x436,x437,x438,x439,x440,x441,x442,x443,x444,x445,x446,x447,x448,x449,x450,x451,x452,x453,x454,x455,x456,x457,x458,x459,x460,x461,x462,x463,x464,x465,x466,x467,x468,x469,x470,x471,x472,x473,x474,x475,x476,x477,x478,x479,x480,x481,x482,x483,x484,x485,x486,x487,x488,x489,x490,x491,x492
1,2.9,3.2,2.45,2.9,3.1,2.5,2.87,2.87,2.37,2.95,2.95,2.46,3,3,2.5,2.9,3.1,2.47,2.95,2.95,2.45,3.45,3,2.25,2.9,3,2.49,3.1,3.1,2.45,2.95,2.95,2.4,2.9,3,2.45,2.88,3.05,2.47,3.25,3.1,2.38,3,3.1,2.4,2.75,2.85,2.3,3.19,3.12,2.54,3.05,3.05,2.35,3,3,2.48,3,3.05,2.22,2.95,2.95,2.4,2.88,3.05,2.47,2.91,2.95,2.52,2.92,2.98,2.49,3.15,2.84,2.18,2.92,3.05,2.43,3.3,3.2,2.58,3,3.1,2.4,3.35,3.2,2.5,3.1,3.14,2.4,3.2,2.95,2.43,2.92,3.05,2.43,3.1,3.14,2.42,3.15,2.9,2.38,3,3,2.38,3.1,2.85,2.35,3.15,2.9,2.38,3.06,3.08,2.52,2.78,2.8,2.31,3.06,3.08,2.52,3.1,3.1,2.55,2.9,3.2,2.45,3.1,3.1,2.45,3.15,3.1,2.42,2.92,3.05,2.43,3.05,3.2,2.42,3.2,3.1,2.43,2.95,3.05,2.45,2.95,3.05,2.45,2.95,3.05,2.44,2.93,3.03,2.44,3.05,3.05,2.52,2.9,3,2.56,3.3,3.2,2.58,3.25,3.2,2.56,3,2.88,2.3,3.05,3.05,2.52,3,3,2.3,3.1,2.98,2.54,3,3.1,2.4,3,3.1,2.48,2.9,3.1,2.43,2.95,3,2.5,3,3,2.4,3,3,2.4,3,3,2.4,2.95,2.95,2.45,2.95,2.95,2.45,2.95,2.95,2.45,2.95,2.95,2.45,3,2.95,2.3,2.65,2.65,2.2,3,2.95,2.3,3.17,3,2.4,3,3.05,2.45,3,2.97,2.45,2.9,3,2.49,3.3,3.1,2.35,3.1,3,2.45,2.8,2.9,2.45,2.89,3,2.49,3,3,2.5,3,3,2.5,2.95,3.05,2.45,3.05,3.05,2.55,3.25,3.3,2.55,3.05,3.05,2.4,2.9,2.95,2.4,3.1,3.15,2.53,2.98,3.1,2.48,3.1,3.1,2.45,2.91,2.93,2.41,3.25,3.1,2.15,3.05,2.8,2.4,2.9,3,2.5,2.65,2.74,2.23,2.77,2.87,2.3,2.95,3.05,2.46,2.95,3.05,2.46,3.05,2.95,2.35,2.85,2.9,2.36,3,3.1,2.45,3.15,2.9,2.38,3.1,3.1,2.45,2.97,3.1,2.43,2.95,3,2.45,2.9,3,2.42,2.85,2.85,2.3,3.15,2.9,2.38,3.02,3.13,2.5,2.95,2.9,2.32,2.9,2.9,2.45,2.9,2.9,2.45,3,3.1,2.45,3.15,2.9,2.38,3,2.88,2.3,2.85,2.9,2.38,2.95,3.05,2.45,2.85,2.9,2.35,3,2.95,2.3,2.85,2.95,2.4,3.1,3,2.35,2.85,2.75,2.2,3.1,2.9,2.3,3.1,3.05,2.45,3.1,3.1,2.45,3.1,3.1,2.45,2.9,3,2.45,2.93,3.05,2.44,3,3.1,2.48,3,3,2.4,2.9,3.1,2.4,2.9,3,2.4,3,2.87,2.3,3,3,2.4,2.95,3,2.4,3.15,3.1,2.42,3.15,3.1,2.42,2.75,2.85,2.3,2.8,3.1,2.3,3.1,3.12,2.55,3.05,2.95,2.38,3.05,2.95,2.38,3.15,3.05,2.52,3.2,2.95,2.3,3,3.1,2.44,3.12,2.98,2.44,2.95,3.1,2.45,2.99,3.1,2.48,3.05,3.05,2.43,3.1,3.1,2.45,3.15,2.9,2.38,2.83,2.85,2.35,3.1,3.12,2.55,3.05,2.96,2.4,4.48,3.42,1.85,2.85,2.95,2.35,2.85,2.95,2.35,3,3.15,2.5,3,2.98,2.48,2.75,2.85,2.22,0,0,0,0,0,0,0,0,0
0,1.75,3.4,4.5,1.83,3.4,4.33,1.8,3.1,4.25,1.84,3.15,4.2,1.8,3.25,4.6,1.81,3.5,4.2,1.9,3.2,4.2,1.71,3.3,4.25,1.83,3.3,4.35,1.78,3.35,4.4,1.8,3.25,4.33,1.8,3.25,4.5,1.84,3.4,4.15,1.81,3.2,4.6,1.8,3.4,4.5,1.75,3.1,4,1.77,3.65,4.86,1.8,3.3,4.5,1.85,3.35,4.4,1.75,3.35,4.1,1.78,3.3,4.4,1.84,3.4,4.15,1.82,3.25,4.1,1.83,3.3,4.35,1.68,3.1,4.75,1.74,3.28,4.1,1.85,3.4,4.8,1.8,3.4,4.5,1.74,3.05,4.2,1.87,3.42,4.33,1.85,3.25,4.7,1.8,3.3,4.3,1.79,3.58,4.63,1.81,3.2,4.6,1.8,3.25,4.5,1.79,3.15,4.5,1.81,3.2,4.6,1.88,3.47,4.3,1.77,3.16,3.88,1.88,3.47,4.3,1.85,3.4,4.3,1.8,3.25,4,1.83,3.3,4.3,1.83,3.45,4.65,1.83,3.3,4.15,1.76,3.5,5.1,1.86,3.4,4.6,1.77,3.2,4.15,1.75,3.05,3.83,1.87,3.4,4.3,1.8,3.18,4.02,1.87,3.35,4.25,1.85,3.3,4.2,1.85,3.4,4.8,1.83,2.74,3.5,1.75,3.25,4.33,1.87,3.35,4.25,1.73,3.2,4.5,0,0,0,1.8,3.4,4.5,1.87,3.4,4.3,1.8,3.4,4.33,1.83,3.4,4.33,1.8,3.3,4.33,1.83,3.4,4,1.83,3.4,4,1.87,3.25,4.3,1.87,3.25,4.3,1.83,3.25,4.4,1.87,3.25,4.3,1.8,3.25,4.33,1.66,2.95,3.9,1.8,3.25,4.33,1.8,3.35,4.53,1.78,3.4,4.6,1.82,3.25,4.1,1.83,3.3,4.35,0,0,0,1.71,3.45,4.4,1.8,3.2,4,1.83,3.3,4.35,1.85,3.35,4.3,1.87,3.3,4.3,1.8,3.35,4.25,1.86,3.35,4.25,1.89,3.45,4.4,1.77,3.4,4.5,1.73,3.25,4.33,1.88,3.45,4.45,1.85,3.4,4.4,1.85,3.45,4.5,1.79,3.23,3.97,1.77,3.3,4.4,1.79,3.35,4.5,1.85,3.2,4.2,1.72,2.96,3.71,1.71,3.16,4.1,1.82,3.35,4.3,1.82,3.35,4.3,1.75,3.05,4.33,1.7,3,3.85,1.8,3.4,4.5,1.8,3.2,4.6,1.83,3.3,4.3,1.82,3.4,4.45,1.82,3.2,4,1.8,3.3,4.3,1.75,3.15,4.05,1.81,3.2,4.6,1.86,3.36,4.26,1.7,3.15,4.1,1.77,3.25,4.4,1.77,3.25,4.4,1.85,3.3,4.3,1.8,3.2,4.6,1.75,3.25,4.33,1.82,3.15,4.1,1.87,3.37,4.15,1.76,3.15,4.1,1.77,3.3,4.4,1.78,3.25,4.2,1.83,3.25,4.4,1.62,3,4,1.75,3.3,4.6,1.85,3.45,4.5,1.83,3.3,4.3,1.83,3.3,4.3,1.83,3.4,4.5,1.82,3.35,4.35,1.83,3.35,4.4,1.8,3.3,4.5,1.8,3.3,4.5,1.8,3.3,4.3,1.72,3.2,4.33,1.75,3.3,4.25,1.8,3.3,4.3,1.83,3.45,4.65,1.85,3.55,4.45,1.73,3.1,4,1.85,3.2,3.9,1.9,3.55,4.4,1.75,3.23,4.3,1.75,3.23,4.3,1.92,3.4,4.4,1.75,3.3,4.7,1.82,3.45,4.45,1.84,3.33,4.56,1.85,3.35,4.2,1.86,3.36,4.26,1.73,3.25,5.1,1.83,3.3,4.3,1.81,3.2,4.6,1.79,3.23,3.97,1.9,3.55,4.4,1.8,3.35,4.45,1.77,3.25,4.42,1.76,3.1,3.9,1.76,3.1,3.9,1.83,3.3,4.2,1.88,3.3,4.2,1.65,3.15,4.2,0,0,0,0,0,0,0,0,0
0,3,3,2.55,3,3,2.45,2.9,2.75,2.4,2.85,2.95,2.49,3.1,2.88,2.55,3,2.9,2.49,3.05,2.8,2.55,3.05,2.9,2.5,3.05,2.88,2.48,3.05,3,2.55,2.95,2.8,2.45,2.8,3,2.55,3,2.89,2.49,3,2.95,2.43,2.95,2.9,2.6,2.65,2.85,2.35,3.28,2.9,2.65,2.9,2.95,2.5,3,2.9,2.55,2.81,3.05,2.33,2.8,3,2.45,3,2.89,2.49,3,2.84,2.52,3.05,2.88,2.48,0,0,0,2.97,2.98,2.44,2.98,3.05,2.7,2.95,2.9,2.6,3.1,2.98,2.68,2.89,3.22,2.54,3.05,3,2.48,2.85,3.05,2.48,2.98,3.05,2.56,3,2.95,2.43,2.88,3,2.5,2.95,2.9,2.4,3,2.95,2.43,3.14,2.84,2.64,2.85,2.59,2.42,3.14,2.84,2.64,2.95,3.2,2.55,3,3,2.55,3.05,3.05,2.55,3.1,3,2.57,2.85,3.05,2.48,2.9,2.95,2.66,3,3.1,2.55,2.95,2.95,2.52,2.8,3,2.45,2.95,2.9,2.55,2.95,2.89,2.53,2.9,3.1,2.55,2.91,2.85,2.66,2.98,3.05,2.7,3.15,3,2.74,2.8,3,2.4,3.05,2.9,2.6,2.88,2.88,2.4,0,0,0,2.95,2.9,2.6,2.9,3.1,2.55,2.86,3.1,2.45,2.85,3.1,2.5,3,2.75,2.6,3,2.88,2.5,3,2.88,2.5,2.85,3,2.5,2.85,3,2.5,2.85,3,2.5,2.95,2.8,2.55,2.87,2.85,2.5,2.55,2.7,2.25,2.87,2.85,2.5,2.95,3.05,2.45,2.95,2.95,2.55,3.05,2.87,2.47,2.87,3.05,2.47,0,0,0,3.05,2.85,2.65,2.85,2.8,2.45,2.99,2.92,2.48,2.85,3.15,2.5,2.85,3.15,2.5,2.85,3.05,2.5,3.1,2.9,2.65,2.95,3.15,2.55,3,2.85,2.55,3,2.7,2.5,2.93,3.2,2.59,2.9,3.1,2.54,2.95,2.95,2.65,2.99,2.71,2.52,2.8,3,2.45,2.85,2.95,2.55,2.8,3,2.5,2.58,2.76,2.27,2.69,2.89,2.35,2.95,2.95,2.55,2.95,2.95,2.55,2.8,2.75,2.5,2.85,2.8,2.45,3,2.9,2.54,3,2.95,2.4,3.05,3.05,2.55,3,3,2.5,2.85,3,2.49,2.8,3.05,2.47,0,0,0,3,2.95,2.43,3.05,2.97,2.59,2.7,2.85,2.35,0,0,0,0,0,0,2.9,3.1,2.5,3,2.95,2.4,2.8,3,2.4,2.85,2.75,2.47,2.87,3.05,2.52,2.7,2.9,2.4,2.8,3,2.45,2.97,3.05,2.4,0,0,0,2.65,2.8,2.25,2.88,3,2.45,3.15,2.9,2.6,3.05,3.05,2.55,3.05,3.05,2.55,2.9,3.15,2.5,2.85,3.05,2.49,2.9,3.05,2.51,2.9,3,2.5,2.88,3,2.5,2.8,3.05,2.45,2.75,2.9,2.37,2.8,3.1,2.4,2.9,3.1,2.35,2.92,3.05,2.62,3.1,3,2.57,2.75,2.88,2.25,2.7,3,2.5,3.19,2.88,2.68,2.86,2.92,2.54,2.86,2.92,2.54,2.85,3.1,2.72,2.95,2.85,2.5,2.9,3.1,2.52,2.9,2.92,2.63,2.88,3.1,2.5,2.9,3.12,2.53,0,0,0,3.05,3.05,2.55,3,2.95,2.43,2.91,2.64,2.46,3.19,2.88,2.68,2.88,2.94,2.56,3.5,3.24,2.17,2.75,2.95,2.4,2.75,2.95,2.4,3.05,2.95,2.6,3,2.82,2.6,2.75,2.72,2.32,0,0,0,0,0,0,0,0,0
0,1.95,3.1,4,2,3.1,4,1.8,3.1,4.25,1.97,3.05,3.8,1.87,3.13,4.4,1.84,3.3,4.3,2.05,3.05,3.85,1.9,3.05,3.65,1.98,3.15,3.9,1.9,3.2,4.1,1.95,3.1,3.8,1.8,3.2,4.6,1.98,3.2,3.8,1.75,3.25,4.75,1.83,3.3,4.5,1.9,2.95,3.6,1.92,3.37,4.47,2,3.1,3.7,1.88,3.25,4.4,1.8,3.2,4.1,1.8,3.2,4.4,1.98,3.2,3.8,1.95,3.1,3.75,1.98,3.15,3.9,1.76,3,4.4,1.87,3.1,3.75,1.85,3.3,5,1.83,3.3,4.5,1.81,3.2,5,2.04,3.2,3.92,1.79,3.35,4.8,2,3.1,3.75,1.81,3.4,4.83,1.75,3.25,4.75,1.83,3.2,4.5,1.74,3.25,4.7,1.75,3.25,4.75,2.1,3.19,3.85,1.96,2.92,3.5,2.1,3.19,3.85,2,3.2,3.9,2,3,3.6,2,3.1,3.8,2.02,3.35,3.9,1.97,3.15,3.8,1.79,3.4,5.1,2.06,3.1,4.1,1.8,3.1,4.15,1.9,3,3.6,2.01,3.25,3.95,1.95,3,3.63,2.05,3.15,3.85,1.98,3.15,3.85,1.85,3.3,5,1.8,3.05,4.4,1.95,3,3.8,2,3.2,3.9,1.8,3.1,4.33,1.8,3.3,5.1,1.83,3.3,4.5,2.04,3.2,3.9,1.8,3.2,4.5,1.8,3.4,4.5,1.8,3.3,4.33,1.95,3.2,3.8,1.95,3.2,3.8,2,3.1,3.9,2,3.1,3.9,2,3.1,3.9,2,3.1,3.9,1.8,3.2,4.4,1.68,2.87,3.8,1.8,3.2,4.4,2,3.1,3.67,1.82,3.3,4.6,2,3.1,3.85,1.98,3.15,3.9,1.95,3.1,4.6,1.76,3.3,4.45,1.92,3.05,3.7,1.85,3.25,4.35,1.92,3.25,4.2,1.92,3.25,4.2,2,3.15,3.8,2,3.2,3.9,2.05,3.25,4,1.8,3.3,4.5,1.7,3.2,4.6,2.01,3.25,4.15,1.84,3.35,4.55,2.07,3.2,3.9,1.99,2.97,3.57,1.8,3.2,4.4,2.05,3.1,3.75,2,3.2,3.8,1.83,2.84,3.42,1.71,3.1,4.22,1.85,3.25,4.4,1.85,3.25,4.4,1.73,3.1,4.6,1.74,2.9,3.8,1.73,3.4,5,1.75,3.25,4.75,2,3.1,3.8,2.03,3.16,3.84,1.95,3.05,3.65,1.8,3.25,4.4,1.65,3.15,4.6,1.75,3.25,4.75,2,3.2,3.89,1.68,3.1,4.3,1.72,3.3,4.7,1.72,3.3,4.7,2,3.2,3.9,1.75,3.25,4.75,1.95,3,3.8,1.95,3.05,3.75,2.05,3.15,3.75,1.75,3.1,4.2,1.8,3.2,4.4,1.69,3.25,4.75,2.02,3.15,3.73,1.8,2.75,3.5,1.75,3.2,4.6,2.03,3.2,4.05,2,3.1,3.8,2,3.1,3.8,1.73,3.4,5,2.01,3.15,3.8,2.01,3.15,3.8,2,3.1,3.7,1.75,3.3,4.75,1.78,3.2,4.35,1.95,2.9,3.7,1.75,3.25,4.5,1.85,3.2,4.2,2.02,3.35,3.9,1.78,3.45,5.1,1.8,3,3.95,2,3.1,3.5,2.12,3.25,3.92,1.72,3.26,4.45,1.72,3.26,4.45,2.1,3.15,4.05,1.93,2.95,4.3,1.82,3.4,4.55,2.03,2.97,3.96,2,3.2,3.9,2,3.2,3.89,1.68,3.3,5.5,2,3.1,3.8,1.75,3.25,4.75,1.99,2.97,3.57,2.12,3.25,3.92,1.77,3.35,4.65,2.02,3.1,4,1.88,2.95,3.6,1.88,2.95,3.6,1.97,3.15,3.8,2,3.2,3.85,1.83,2.95,3.6,0,0,0,0,0,0,0,0,0
2,1.57,3.75,5.5,1.65,3.6,5.5,1.6,3.5,5,1.62,3.45,5.2,1.6,3.6,5.75,1.72,3.7,4.5,1.65,3.45,5.5,1.55,3.45,5.25,1.61,3.7,5.3,1.56,3.8,5.5,1.61,3.6,5,1.8,3.3,4.5,1.62,3.8,5,1.9,3.2,4.1,1.68,3.6,5,1.55,3.3,5,1.75,3.73,4.96,1.63,3.65,5,1.69,3.6,5,1.9,3.4,3.45,1.62,3.6,5,1.62,3.8,5,1.61,3.5,5.2,1.61,3.7,5.3,1.62,3.2,5,1.55,3.62,4.92,1.8,3.3,4.5,1.68,3.6,5,1.72,3.35,4.6,1.64,3.82,5.4,1.94,3.25,4.1,1.62,3.6,5.1,1.72,3.74,4.86,1.9,3.2,4.1,1.62,3.6,5.5,1.88,3.15,4,1.9,3.2,4.1,1.68,3.86,5.1,1.58,3.47,4.6,1.68,3.86,5.1,1.65,3.7,5.5,1.62,3.6,4.75,1.62,3.6,5.5,1.65,3.75,5.5,1.62,3.55,5.25,1.61,3.8,6.2,1.69,3.7,5.5,1.62,3.45,4.75,1.54,3.2,4.75,1.65,3.65,5.4,1.59,3.48,4.92,1.65,3.7,5.25,1.63,3.6,5.3,1.8,3.3,4.5,1.72,3.35,4.4,1.6,3.6,5,1.63,3.65,5.4,1.6,3.5,5,1.84,3.4,4.6,1.68,3.6,5,1.65,3.75,5.4,1.8,3.4,4.33,1.83,3.5,4.2,1.7,3.6,4.5,1.62,3.6,5.25,1.62,3.6,5.25,1.67,3.5,5.4,1.67,3.5,5.4,1.67,3.5,5.4,1.67,3.5,5.4,1.65,3.5,4.8,1.52,3.2,4.33,1.65,3.5,4.8,1.6,3.6,5.2,1.65,3.7,5.1,1.61,3.6,5.5,1.61,3.7,5.3,1.62,3.6,6.5,1.55,3.7,5.5,1.59,3.4,5,1.68,3.6,4.75,1.62,3.65,5.5,1.62,3.65,5.5,1.63,3.65,5.25,1.64,3.65,5.4,1.66,3.7,5.6,1.67,3.6,4.9,1.6,3.6,4.6,1.64,3.7,6,1.84,3.45,4.4,1.67,3.8,5.2,1.6,3.55,4.7,1.61,3.6,5,1.64,3.65,5,1.8,3.4,4.2,1.53,3.21,4.49,1.7,3.24,4.06,1.66,3.6,5,1.66,3.6,5,1.75,3.35,3.9,1.51,3.25,4.7,1.8,3.4,4.5,1.9,3.2,4,1.62,3.6,5.5,1.63,3.76,5.3,1.61,3.5,4.9,1.79,3.4,4.2,1.7,3.2,4.1,1.9,3.2,4.1,1.64,3.63,5.42,1.53,3.45,4.8,1.77,3.3,4.3,1.77,3.3,4.3,1.65,3.6,5.4,1.9,3.2,4,1.6,3.6,5,1.61,3.45,5.2,1.65,3.7,5.15,1.74,3.25,4.05,1.8,3.4,4.1,1.76,3.3,4.25,1.63,3.65,5.18,1.48,3.2,4.8,1.83,3.4,4.2,1.65,3.75,5.5,1.62,3.6,5.5,1.62,3.6,5.5,1.83,3.4,4.25,1.63,3.65,5.2,1.63,3.65,5.2,1.62,3.7,5,1.55,3.6,5.5,1.6,3.55,5,1.57,3.5,5,1.8,3.4,4,1.8,3.4,4.15,1.65,3.75,5.5,1.72,3.6,5.2,1.73,3.15,3.95,1.65,3.5,4.6,1.7,3.94,5.2,1.55,3.59,5.35,1.55,3.59,5.35,1.7,3.8,5.3,1.57,3.6,5.8,1.81,3.5,4.4,1.62,3.5,5.59,1.65,3.6,5.5,1.64,3.63,5.42,1.76,3.5,4.3,1.62,3.6,5.5,1.9,3.2,4.1,1.6,3.55,4.7,1.7,3.94,5.2,1.59,3.7,5.5,1.67,3.6,5.4,1.56,3.3,4.9,1.56,3.3,4.9,1.62,3.55,5.2,1.66,3.6,5.3,1.48,3.5,4.9,0,0,0,0,0,0,0,0,0
1,2.25,3,3.25,2.45,3,3,2.25,2.87,3.1,2.42,2.9,2.95,2.3,3,3.25,2.26,3.2,3.1,2.5,2.95,2.95,2.25,2.95,2.9,2.29,3.05,3.15,2.3,3.05,3.1,2.3,3,3,2.25,3,3.2,2.31,3.15,3.05,2.23,2.95,3.35,2.3,3.1,3.2,2.25,2.85,2.85,2.3,3.13,3.52,2.45,2.95,2.95,2.37,3,3.15,2.21,3.01,3.05,2.25,3,3.2,2.31,3.15,3.05,2.4,3,2.86,2.29,3.05,3.15,2.12,2.72,3.45,2.23,2.99,2.94,2.32,3,3.3,2.3,3.1,3.2,2.36,2.94,3.6,2.45,3.08,3.08,2.28,3,3.45,2.42,2.97,2.95,2.28,3.2,3.3,2.23,2.95,3.35,2.3,3,3.2,2.2,2.9,3.3,2.23,2.95,3.35,2.51,3.07,3.07,2.33,2.81,2.81,2.51,3.07,3.07,2.5,3.1,3,2.38,2.88,2.88,2.4,2.95,3.1,2.45,3.15,3.05,2.42,2.97,2.95,2.26,3.05,3.45,2.5,3.1,3.1,2.25,2.85,2.88,2.32,2.85,2.8,0,0,0,0,0,0,2.45,3.05,3,2.44,3.05,2.92,2.32,3,3.3,2.14,2.76,3.15,2.38,2.88,3,2.45,3.05,3,2.3,2.88,3.1,0,0,0,2.3,3.1,3.2,2.48,3.05,3.05,2.25,3,3.2,2.3,3.1,3.2,2.25,3,3.2,2.3,3.1,3,2.3,3.1,3,2.45,2.95,3,2.45,2.95,3,2.45,2.95,3,2.4,2.95,3.05,2.25,3,3.1,2.05,2.75,2.85,2.25,3,3.1,2.38,3,2.93,2.3,3.05,3.25,2.4,3,3.05,2.29,3.05,3.15,2.5,2.9,3.3,2.25,3,3.2,2.36,2.95,2.8,2.29,3.05,3.15,2.4,3.05,3.1,2.4,3.05,3.1,2.45,3,2.95,2.46,3.1,2.95,2.5,3.1,3.05,2.25,3.05,3.25,2.15,2.9,3.2,2.48,3.1,3.1,2.31,3.1,3.25,2.5,3.1,3.05,2.37,2.87,2.87,2.2,3,3.1,2.45,3,2.95,2.5,3,2.9,2.22,2.72,2.68,2.14,2.87,3.04,2.33,3.05,3.1,2.33,3.05,3.1,2.15,2.9,3.2,2.16,2.75,2.8,2.33,3,3.25,2.2,2.95,3.35,2.4,2.95,3.1,2.43,3.06,3.02,2.38,2.9,2.9,2.25,3,3.2,2.15,2.85,3.05,2.23,2.95,3.35,2.46,3.09,2.94,2.12,2.85,3.05,2.25,2.9,3.2,2.25,2.9,3.2,2.45,3,3,2.2,2.95,3.35,2.38,2.88,3,2.38,2.9,2.85,2.45,3.05,2.95,2.15,2.85,3.05,2.2,3,3.1,2.2,2.95,3.15,2.47,2.95,2.98,2.2,2.65,2.75,2.25,3,3.2,2.45,3.1,3.1,2.4,2.95,3.1,2.4,2.95,3.1,2.3,3,3.25,2.27,3.05,3.2,2.43,3,2.95,2.4,2.9,2.9,2.3,3,3.2,2.25,3,3.15,2.3,2.8,2.9,2.25,3,3.1,2.31,3.02,3.05,2.45,3.15,3.05,2.35,3.05,3.4,2.2,2.85,2.9,2.4,3,2.8,2.55,3.11,3.11,2.18,2.93,3.22,2.18,2.93,3.22,2.5,3.05,3.2,2.45,2.7,3.3,2.27,3.15,3.3,2.44,2.77,3.2,2.45,3,3,2.45,3.04,3,2.32,2.72,3.5,2.4,2.95,3.1,2.23,2.95,3.35,2.37,2.87,2.87,2.55,3.11,3.11,2.24,3,3.3,2.47,3,3.02,2.3,2.8,2.8,2.3,2.8,2.8,2.42,3.05,2.9,2.48,3.1,2.92,2.15,2.9,2.85,0,0,0,0,0,0,0,0,0
2,2.25,3,3.25,2.45,3,3,2.25,2.87,3.1,2.42,2.9,2.95,2.3,3,3.25,2.26,3.2,3.1,2.5,2.95,2.95,2.25,2.95,2.9,2.29,3.05,3.15,2.3,3.05,3.1,2.3,3,3,2.25,3,3.2,2.31,3.15,3.05,2.23,2.95,3.35,2.3,3.1,3.2,2.25,2.85,2.85,2.3,3.13,3.52,2.45,2.95,2.95,2.37,3,3.15,2.21,3.01,3.05,2.25,3,3.2,2.31,3.15,3.05,2.4,3,2.86,2.29,3.05,3.15,2.12,2.72,3.45,2.23,2.99,2.94,2.32,3,3.3,2.3,3.1,3.2,2.36,2.94,3.6,2.45,3.08,3.08,2.28,3,3.45,2.42,2.97,2.95,2.28,3.2,3.3,2.23,2.95,3.35,2.3,3,3.2,2.2,2.9,3.3,2.23,2.95,3.35,2.51,3.07,3.07,2.33,2.81,2.81,2.51,3.07,3.07,2.5,3.1,3,2.38,2.88,2.88,2.4,2.95,3.1,2.45,3.15,3.05,2.42,2.97,2.95,2.26,3.05,3.45,2.5,3.1,3.1,2.25,2.85,2.88,2.32,2.85,2.8,0,0,0,0,0,0,2.45,3.05,0,2.44,3.05,2.92,2.32,3,3.3,2.14,2.76,3.15,2.38,2.88,3,2.45,3.05,3,2.3,2.88,3.1,0,0,0,2.3,3.1,3.2,2.48,3.05,3.05,2.25,3,3.2,2.3,3.1,3.2,2.25,3,3.2,2.3,3.1,3,2.3,3.1,3,2.45,2.95,3,2.45,2.95,3,2.45,2.95,3,2.4,2.95,3.05,2.25,3,3.1,2.05,2.75,2.85,2.25,3,3.1,2.38,3,2.93,2.3,3.05,3.25,2.4,3,3.05,2.29,3.05,3.15,2.5,2.9,3.3,2.25,3,3.2,2.36,2.95,2.8,2.29,3.05,3.15,2.4,3.05,3.1,2.4,3.05,3.1,2.45,3,2.95,2.46,3.1,2.95,2.5,3.1,3.05,2.25,3.05,3.25,2.15,2.9,3.2,2.48,3.1,3.1,2.31,3.1,3.25,2.5,3.1,3.05,2.37,2.87,2.87,2.2,3,3.1,2.45,3,2.95,2.5,3,2.9,2.22,2.72,2.68,2.14,2.87,3.04,2.33,3.05,3.1,2.33,3.05,3.1,2.15,2.9,3.2,2.16,2.75,2.8,2.33,3,3.25,2.2,2.95,3.35,2.4,2.95,3.1,2.43,3.06,3.02,2.38,2.9,2.9,2.25,3,3.2,2.15,2.85,3.05,2.23,2.95,3.35,2.46,3.09,2.94,2.12,2.85,3.05,2.25,2.9,3.2,2.25,2.9,3.2,2.45,3,3,2.2,2.95,3.35,2.38,2.88,3,2.38,2.9,2.85,2.45,3.05,2.95,2.15,2.85,3.05,2.2,3,3.1,2.2,2.95,3.15,2.47,2.95,2.98,2.2,2.65,2.75,2.25,3,3.2,2.45,3.1,3.1,2.4,2.95,3.1,2.4,2.95,3.1,2.3,3,3.25,2.27,3.05,3.2,2.43,3,2.95,2.4,2.9,2.9,2.3,3,3.2,2.25,3,3.15,2.3,2.8,2.9,2.25,3,3.1,2.31,3.02,3.05,2.45,3.15,3.05,2.35,3.05,3.4,2.2,2.85,2.9,2.4,3,2.8,2.55,3.11,3.11,2.18,2.93,3.22,2.18,2.93,3.22,2.5,3.05,3.2,2.45,2.7,3.3,2.27,3.15,3.3,2.44,2.77,3.2,2.45,3,3,2.45,3.04,3,2.32,2.72,3.5,2.4,2.95,3.1,2.23,2.95,3.35,2.37,2.87,2.87,2.55,3.11,3.11,2.24,3,3.3,2.47,3,3.02,2.3,2.8,2.8,2.3,2.8,2.8,2.42,3.05,2.9,2.48,3.1,2.92,2.15,2.9,2.85,0,0,0,0,0,0,0,0,0
1,3,3.2,2.25,2.88,3.2,2.45,2.9,2.9,2.3,3.05,3.05,2.27,3.13,3.1,2.3,2.9,3.3,2.36,2.9,3.1,2.45,2.9,3.15,2.15,3.15,3.15,2.28,3,3.15,2.3,0,0,0,3,3,2.35,3.1,3.3,2.21,3.1,3,2.33,3,3.25,2.35,2.9,2.95,2.15,3.04,3.17,2.54,3,3.15,2.3,3,3.15,2.39,2.78,3.17,2.3,2.9,3.2,2.35,3.1,3.3,2.21,2.78,3.15,2.37,3.15,3.15,2.28,2.64,2.82,2.53,2.85,3.12,2.22,3.2,3.15,2.46,3,3.25,2.35,3.05,3.2,2.56,3.14,3.13,2.39,3.15,3.05,2.38,3,3.15,2.27,3.12,3.14,2.41,3.1,3,2.33,3,3,2.38,3.05,2.95,2.3,3.1,3,2.33,3.06,3.31,2.37,2.81,3.03,2.21,3.06,3.31,2.37,3.1,3.2,2.3,2.88,3.1,2.25,3,3.1,2.35,3.15,3.2,2.4,3,3.15,2.27,3.05,3.2,2.4,2.9,3.3,2.5,2.85,3.05,2.28,2.88,3,2.18,2.9,3.3,2.45,2.87,3.05,2.26,3.1,3.2,2.3,2.83,3.2,2.41,3.2,3.15,2.46,3.2,3.2,2.44,3,3,2.3,3.1,3.2,2.3,3,3,2.3,0,0,0,3,3.25,2.35,3.1,3.25,2.32,3,3.1,2.3,2.95,3.25,2.35,3,3.1,2.3,3,3.1,2.3,3,3.1,2.3,3.1,3.1,2.3,3.1,3.1,2.3,3.1,3.1,2.3,3,3.1,2.4,2.87,3.1,2.3,2.6,2.8,2.15,2.87,3.1,2.3,3.05,3.1,2.25,3.05,3.15,2.35,3.15,3.05,2.3,3.3,3.15,2.2,3.4,3.05,2.35,2.95,3.1,2.35,2.75,3.1,2.33,3.05,3.15,2.33,3.1,3.15,2.35,3.1,3.15,2.35,3.05,3.15,2.3,2.85,3.25,2.43,3.15,3.25,2.35,3,3.15,2.35,2.95,2.95,2.25,3.1,3.25,2.38,3,3.2,2.4,3.05,3.25,2.4,2.86,3.09,2.24,2.87,3.1,2.3,3,3.2,2.3,3,3.2,2.3,2.75,2.86,2.1,2.8,2.98,2.22,2.95,3.15,2.35,2.95,3.15,2.35,2.95,2.95,2.25,2.7,2.9,2.15,2.85,3.2,2.45,3.1,3,2.3,3,3.1,2.35,3.06,3.08,2.4,2.95,3.05,2.24,2.95,3.15,2.33,2.75,3,2.25,3.1,3,2.33,2.86,3.24,2.43,2.85,2.95,2.17,2.8,3.1,2.4,2.8,3.1,2.4,3.1,3.2,2.3,3.1,3,2.3,3,3,2.3,2.75,3.05,2.35,3.05,3.2,2.3,2.8,3,2.25,2.87,3.1,2.3,2.8,3.05,2.35,3.05,3.15,2.3,2.75,2.8,2.1,3,3.1,2.3,3.1,3.2,2.4,3,3.1,2.35,3,3.1,2.35,3,3.15,2.35,2.96,3.15,2.35,3.05,3.15,2.29,3,3.15,2.3,3,3.2,2.3,2.9,3.1,2.3,2.9,3,2.25,2.9,3.1,2.3,3,3.15,2.27,3.1,3.25,2.37,2.92,3.25,2.5,2.8,2.95,2.2,2.8,3.1,2.3,3.11,3.36,2.41,2.94,3,2.29,2.94,3,2.29,3.1,3.2,2.45,3.4,2.85,2.25,3.05,3.25,2.36,3.19,2.93,2.34,3.1,3.2,2.3,3.08,3.21,2.3,2.83,3.1,2.46,3,3.1,2.35,3.1,3,2.33,2.86,3.09,2.24,3.11,3.36,2.41,3,3.1,2.34,2.88,3.2,2.47,2.85,2.95,2.15,2.85,2.95,2.15,2.8,3.2,2.39,2.8,3.2,2.48,2.8,2.97,2.12,0,0,0,0,0,0,0,0,0
2,2.25,3.1,3.1,2.4,3,3.1,2.3,2.8,3.1,2.35,2.9,3.05,2.38,3,3.13,2.28,3.1,3.1,2.4,2.9,3.05,2.3,2.9,2.85,2.3,3,3.2,2.3,3,3.1,2.3,2.95,3.1,2.3,2.9,3.25,2.33,3.1,3.05,2.3,2.8,3.35,2.3,3.1,3.25,2.2,2.8,2.95,2.32,3.14,3.46,2.3,3.05,3.05,2.34,3,3.2,2.22,3,3.05,2.25,3,3.2,2.33,3.1,3.05,2.33,2.97,2.99,2.3,3,3.2,2.29,2.67,3.15,2.24,2.94,2.98,2.24,2.82,3.45,2.3,3.1,3.25,2.32,3,3.6,2.38,3,3.3,2.35,2.88,3.45,2.35,3,3.05,2.32,3.1,3.34,2.3,2.8,3.35,2.3,3,3.2,2.28,2.8,3.35,2.3,2.8,3.35,2.37,3.19,3.19,2.2,2.92,2.92,2.37,3.19,3.19,2.4,3.1,3.1,2.25,3,3,2.35,2.95,3.2,2.4,3.05,3.3,2.35,3,3.05,2.28,3.05,3.4,2.42,3,3.3,2.22,2.9,3.05,2.25,2.85,2.88,2.41,3.1,3.1,2.26,2.9,3.02,2.38,3.05,3.1,0,0,0,2.36,2.82,3.45,2.36,2.54,3.25,2.3,2.8,3,2.35,3.05,3.15,2.25,2.88,3.2,0,0,0,2.3,3.1,3.25,2.41,3.1,3.1,2.29,3,3.25,2.3,3,3.3,2.25,3,3.2,2.3,3,3.1,2.3,3,3.1,2.4,2.95,3.1,2.4,2.95,3.1,2.4,2.95,3.1,2.4,2.95,3.15,2.3,2.95,3.1,2.1,2.7,2.85,2.3,2.95,3.1,2.3,3,3.06,2.37,3,3.15,2.32,2.97,3.2,2.3,3,3.2,2.3,3.05,3.5,2.25,2.95,3.25,2.29,2.9,2.95,2.3,3,3.2,2.35,3,3.2,2.35,3,3.2,2.35,3.05,3.05,2.39,3.05,3.1,2.45,3.1,3.15,2.25,3,3.25,2.2,2.9,3.2,2.42,3.05,3.25,2.32,3.05,3.3,2.35,3.15,3.2,2.23,2.98,2.98,2.25,2.95,3.2,2.35,3.05,3.05,2.4,3,3,2.17,2.73,2.76,2.14,2.84,3.08,2.3,3.05,3.15,2.3,3.05,3.15,2.2,2.75,3.35,2.15,2.75,2.85,2.3,3,3.25,2.3,2.8,3.35,2.35,2.95,3.2,0,0,0,2.32,2.9,2.95,2.25,3,3.25,2.15,2.85,3.05,2.3,2.8,3.35,2.39,3.06,3.08,2.2,2.82,2.95,2.25,2.95,3.15,2.25,2.95,3.15,2.4,3.1,3.1,2.3,2.8,3.35,2.3,2.8,3,2.32,2.9,3,2.4,3.05,3.05,2.2,2.85,3.1,2.25,2.95,3.2,2.2,2.9,3.15,2.33,3.05,3.09,2.15,2.6,2.8,2.25,3,3.2,2.4,3,3.3,2.35,2.95,3.2,2.35,2.95,3.2,2.3,3,3.25,2.37,3.05,3.05,2.37,3.05,3.05,2.3,3,3,2.3,2.9,3.1,2.25,3,3.25,2.3,2.8,3,2.25,3,3.2,2.35,3,3.05,2.4,3.05,3.3,2.35,3,3.45,2.15,2.8,3.05,2.4,3,2.8,2.4,3.23,3.23,2.23,2.79,3.29,2.23,2.79,3.29,2.43,3,3.35,2.35,2.75,3.4,2.27,3.1,3.3,2.35,2.82,3.31,2.4,3.1,3.1,2.39,3.06,3.09,2.28,2.82,3.45,2.35,2.95,3.2,2.3,2.8,3.35,2.23,2.98,2.98,2.4,3.23,3.23,2.28,2.86,3.4,0,0,0,2.25,2.85,2.85,2.25,2.85,2.85,2.35,3,3,2.4,3,3.1,2.12,2.85,2.95,0,0,0,0,0,0,0,0,0
0,2.3,3.1,3,2.45,3,3,2.35,2.8,2.9,2.38,2.9,2.95,2.4,2.9,3.1,2.48,3,2.9,2.5,2.95,3,2.3,2.95,2.8,2.36,3.05,3.05,2.35,3,3,2.37,3,2.95,2.4,2.9,3,2.4,3.1,2.92,2.6,2.8,2.9,2.5,3,2.95,2.25,2.85,2.8,2.41,3.1,3.32,2.45,3.05,2.85,2.5,3,2.95,2.43,3.05,2.68,2.45,3,2.85,2.4,3.1,2.92,2.4,2.98,2.87,2.36,3.05,3.05,2.31,2.72,3.05,2.3,2.96,2.86,2.48,2.6,3.05,2.5,3,2.95,2.6,2.98,3.15,2.46,3.05,3.1,2.65,2.85,2.95,2.42,3,2.9,2.5,3.08,3.04,2.6,2.8,2.9,2.5,3,2.88,2.55,2.8,2.88,2.6,2.8,2.9,2.52,3.21,2.93,2.33,2.94,2.7,2.52,3.21,2.93,2.45,3.1,3.1,2.38,3,2.75,2.45,2.95,3,2.47,3.1,3.1,2.42,3,2.9,2.48,3,3.1,2.5,3.1,3.1,2.38,2.95,2.78,2.28,2.88,2.82,2.49,3.1,3,2.32,2.92,2.88,2.42,3.05,3,2.44,3.05,2.93,2.48,2.6,3.05,2.5,3.05,3.2,2.4,2.8,2.9,2.42,3.05,3,2.5,2.88,2.8,2.7,2.92,2.96,2.5,3,3,2.48,3.1,3,2.43,3,2.9,2.5,3,3,2.5,2.9,2.9,2.4,3,2.9,2.4,3,2.9,2.45,2.95,3,2.45,2.95,3,2.45,2.95,3,2.45,2.95,3,2.4,3,2.85,2.25,2.7,2.55,2.4,3,2.85,2.35,3,2.97,2.45,3.05,3,2.36,3,2.95,2.36,3.05,3.05,0,0,0,2.45,2.9,2.9,2.36,2.95,2.8,2.53,3.05,2.81,2.45,3.05,3,2.45,3.05,3,2.45,3.05,2.95,2.46,3.05,2.95,2.45,3.15,3.1,2.5,3,2.9,2.35,3,2.8,2.48,3.1,3.1,2.46,3.1,3,2.45,3.1,3.1,2.37,3,2.75,2.4,3,2.85,2.25,3.05,3.1,2.4,3,3,2.2,2.74,2.7,2.28,2.86,2.8,2.47,3.05,2.9,2.47,3.05,2.9,2.3,2.8,3,2.28,2.75,2.65,2.54,3,2.9,2.6,2.8,2.9,2.45,2.95,3,2.44,3.02,3.05,2.35,2.95,2.9,2.4,3,2.95,2.35,2.8,2.75,2.6,2.8,2.9,2.46,3.07,2.96,2.27,2.85,2.8,2.5,2.95,2.8,2.5,2.95,2.8,2.4,3.1,3,2.6,2.8,2.9,2.4,2.8,2.9,2.39,2.9,2.85,2.42,3.05,3,2.3,2.85,2.8,2.4,3,2.85,2.45,2.9,2.85,2.45,3.05,2.9,2.2,2.6,2.7,2.45,2.9,2.9,2.45,3.1,3.1,2.45,2.95,3,2.45,2.95,3,2.45,3,3,2.42,3.05,2.96,2.45,3.05,3,2.4,3,2.85,2.4,2.9,2.9,2.4,2.95,2.9,2.37,2.8,2.87,2.4,2.9,2.9,2.42,3,2.9,2.47,3.1,3.1,2.55,3.1,3,2.3,2.85,2.75,2.5,3,2.7,2.55,3.26,2.97,2.33,2.88,3,2.33,2.88,3,2.52,3.05,3.15,2.45,2.75,3.2,2.43,3.1,3.05,2.42,2.85,3.15,2.4,3.1,3,2.42,3.07,3.02,2.61,2.82,2.93,2.45,2.95,3,2.6,2.8,2.9,2.37,3,2.75,2.55,3.26,2.97,2.38,2.96,3.1,2.47,3,3.02,2.25,2.85,2.8,2.25,2.85,2.8,2.42,3,2.9,2.48,3.05,2.95,2.2,2.85,2.82,0,0,0,0,0,0,0,0,0
0,2.1,3.1,3.5,2.25,3.1,3.3,2.1,2.87,3.4,2.19,2.95,3.3,2.2,2.9,3.5,2.05,3.1,3.8,2.25,3,3.25,2.15,3,3.05,2.14,3.05,3.55,2.1,3,3.5,2.15,3,3.3,2.1,2.9,3.6,2.17,3.15,3.35,2.08,2.9,3.8,2.15,3.1,3.6,2.1,2.85,3.1,2.1,3.17,4.04,2.15,3.05,3.3,2.18,3.05,3.55,2.1,2.97,3.35,2.1,3,3.5,2.17,3.15,3.35,2.18,3.05,3.2,2.14,3.05,3.55,1.91,2.72,4.2,2.09,2.99,3.23,1.88,2.5,3.25,2.15,3.1,3.6,2.08,3,4.3,2.23,3.13,3.46,2.14,2.95,3.9,2.18,3.05,3.3,2.14,3.1,3.78,2.08,2.9,3.8,2.1,3,3.6,2.07,2.85,3.8,2.08,2.9,3.8,2.21,3.21,3.5,2.06,2.94,3.18,2.21,3.21,3.5,2.25,3.1,3.4,2.1,3,3.25,2.15,3,3.5,2.25,3.15,3.45,2.19,3.1,3.25,2.16,3,3.85,2.2,3.2,3.6,2.07,2.95,3.35,2.1,2.9,3.15,2.25,3.15,3.35,2.1,2.95,3.27,2.22,3.1,3.35,2.21,3.1,3.25,2.1,2.8,3.65,2.16,2.8,3,2.15,2.9,3.3,2.22,3.1,3.35,2.1,2.88,3.5,2.08,2.88,4.4,2.15,3.1,3.6,2.24,3.15,3.4,2.08,3,3.6,2.1,3.1,3.75,2.15,2.9,3.6,2.15,3.1,3.3,2.15,3.1,3.3,2.2,3,3.35,2.2,3,3.35,2.2,3,3.35,2.2,3,3.45,2.1,2.95,3.5,1.95,2.7,3.1,2.1,2.95,3.5,2.15,3,3.37,2.2,3.1,3.35,2.17,3,3.25,2.14,3.05,3.55,2.15,3.1,3.8,2.1,3,3.6,2.14,3,3.15,2.14,3,3.55,2.2,3.1,3.4,2.2,3.1,3.4,2.2,3.05,3.35,2.23,3.15,3.3,2.25,3.15,3.45,2.1,3,3.65,2.1,3,3.25,2.24,3.15,3.5,2.14,3.15,3.6,2.2,3.15,3.5,2.1,2.99,3.25,2.1,2.95,3.5,2.1,3.05,3.65,2.2,3,3.2,2.02,2.76,3,1.98,2.92,3.37,2.14,3.05,3.5,2.14,3.05,3.5,2.1,2.8,3.6,1.98,2.8,3.15,2.05,3.1,4,2.08,2.9,3.8,2.15,3,3.5,2.22,3.06,3.42,2.16,2.95,3.2,2.09,3.05,3.55,2,2.85,3.5,2.08,2.9,3.8,2.23,3.14,3.3,2.07,2.9,3.15,1.97,2.95,3.95,1.97,2.95,3.95,2.2,3.1,3.4,2.08,2.9,3.8,2.15,2.9,3.3,2.17,2.95,3.2,2.22,3.1,3.3,2,2.9,3.35,2.1,2.95,3.5,2,2.95,3.6,2.18,3.05,3.4,1.95,2.7,3.05,2.05,3,3.8,2.2,3.15,3.5,2.15,3,3.5,2.15,3,3.5,2.1,3.15,3.65,2.1,3.1,3.55,2.12,3.1,3.6,2.15,3.1,3.3,2.05,3,3.6,2.05,3.05,3.5,2.1,2.87,3.25,2.05,3,3.6,2.1,3.1,3.4,2.25,3.15,3.45,2.15,3.05,3.9,2.05,2.88,3.25,2.15,3,3.2,2.24,3.26,3.55,2.02,2.95,3.62,2.02,2.95,3.62,2.3,3.1,3.5,2.1,2.8,3.9,2.12,3.15,3.65,2.15,2.83,3.79,2.2,3.1,3.35,2.22,3.1,3.37,2.02,2.87,4.2,2.15,3,3.5,2.08,2.9,3.8,2.1,2.99,3.25,2.24,3.26,3.55,2.06,3.05,3.75,2.27,3.1,3.31,2.05,2.85,3.1,2.05,2.85,3.1,2.19,3.1,3.25,2.28,3.1,3.25,1.98,2.9,3.2,0,0,0,0,0,0,0,0,0
0,1.95,3.4,4,2.1,3.2,3.6,2.05,2.9,3.5,2.05,2.95,3.65,2.05,3,3.8,1.96,3.3,3.7,2.15,2.95,3.65,2.08,3.05,3.55,1.91,3.3,3.9,2.2,3.1,3.7,2.05,3.1,3.5,2.1,3,3.7,1.99,3.25,3.7,1.9,3.2,4.1,2.15,3.1,3.5,1.85,3.1,3.5,1.95,3.55,4.25,1.9,3.3,4,2.13,3.1,3.6,1.92,3.2,3.6,1.93,3.25,3.75,1.99,3.25,3.7,2.07,3.15,3.1,1.91,3.3,3.9,1.73,3.05,4.45,1.98,2.92,3.65,1.94,3.3,4,2.15,3.1,3.5,1.84,3.3,3.9,2.13,3.18,3.65,1.94,3.25,4.1,2.04,3.05,3.65,2.15,3.18,3.64,1.9,3.2,4.1,2.1,3,3.6,1.88,3.15,4,1.9,3.2,4.1,1.97,3.36,4.1,1.84,3.06,3.71,1.97,3.36,4.1,2.1,3.2,3.8,1.95,3.4,4,2.1,3,3.7,2.12,3.1,3.85,2.04,3.05,3.65,2.12,3.15,3.6,2.16,3.2,3.7,2.03,2.95,3.4,1.97,2.9,3.45,2.13,3.1,3.7,2.02,2.9,3.58,1.97,3.35,3.8,0,0,0,1.98,2.82,3.9,2,2.76,3.85,2.05,2.9,3.6,2,3.35,3.7,2.1,2.88,3.5,1.89,3.25,4.5,2.15,3.1,3.5,2.13,3.15,3.65,2.08,3,3.5,2.15,3.1,3.5,2,3.25,3.6,2.1,3.1,3.5,2.1,3.1,3.5,2.1,3,3.75,2.1,3,3.75,2.1,3,3.75,2.1,3,3.75,2.05,3.1,3.5,1.8,2.9,3.3,2.05,3.1,3.5,1.85,3.4,3.99,2.15,3.05,3.6,2.1,3.05,3.65,1.96,3.3,3.7,2.15,3.2,3.7,1.95,3.35,3.6,2.02,2.9,3.6,1.91,3.3,3.9,1.92,3.35,4,1.92,3.35,4,1.95,3.35,3.75,2.12,3.1,3.65,2.1,3.2,3.8,2.05,3.25,3.55,1.85,3.2,3.65,2.09,3.2,3.9,2.14,3.15,3.6,2.13,3.2,3.7,1.87,3.12,3.79,1.93,3.25,3.7,1.88,3.25,3.95,2.1,3,3.6,1.9,2.78,3.28,1.8,3.17,3.64,2.1,3.1,3.55,2.1,3.1,3.55,1.83,3.1,4,1.95,2.8,3.2,1.88,3.4,4.2,1.9,3.2,4,2.1,3,3.7,0,0,0,2.03,3,3.5,2.08,3.05,3.55,1.85,3.15,3.5,1.9,3.2,4.1,2.1,3.05,3.78,2.05,2.92,3.45,1.85,3.25,4,1.85,3.25,4,2.1,3.1,3.6,1.9,3.2,4,2.05,2.9,3.6,2.06,2.9,3.55,2.08,3.1,3.65,1.88,3.15,3.55,1.93,3.25,3.7,1.91,3.25,3.6,1.92,3.35,3.83,1.9,2.7,3.3,1.91,3.3,3.9,2.13,3.2,3.7,2.1,3,3.7,2.1,3,3.7,2.1,3.15,3.65,1.95,3.35,3.75,1.97,3.35,3.8,1.85,3.3,4,2.05,3,3.6,2.05,3.05,3.5,2,2.88,3.5,1.9,3.2,3.7,1.93,3.3,3.7,2.12,3.25,3.75,2,3.45,3.85,1.93,3.3,4,1.9,3.1,3.4,2,3.1,3.5,1.99,3.41,4.2,1.84,3.28,3.82,1.84,3.28,3.82,2.2,3.15,3.7,1.93,3.1,4.1,1.96,3.45,3.85,1.94,3.22,4.21,2.1,3.1,3.6,2.08,3.13,3.73,1.85,3.2,4.3,2.1,3,3.7,1.9,3.2,4.1,1.87,3.12,3.79,1.99,3.41,4.2,1.88,3.4,3.95,1.96,2.9,3.45,1.96,2.9,3.45,2.06,3,3.7,2.13,3.1,3.6,1.88,2.92,3.45,0,0,0,0,0,0,0,0,0
0,2.8,3,2.7,2.8,3.1,2.6,2.75,2.8,2.5,2.8,2.85,2.55,2.88,2.9,2.6,2.44,3.1,2.9,2.85,2.9,2.6,2.8,2.95,2.55,2.79,2.95,2.62,2.85,3,2.75,2.75,3,2.5,2.8,2.9,2.55,2.64,3.1,2.64,2.5,2.9,2.9,2.85,3,2.6,2.35,2.8,2.75,2.7,3.05,2.94,2.45,2.95,2.95,2.85,3,2.6,2.37,3.01,2.8,2.75,3,2.5,2.64,3.1,2.64,2.73,2.91,2.44,2.79,2.95,2.62,2.55,2.7,2.73,2.72,2.9,2.45,2.74,2.92,2.96,2.85,3,2.6,2.46,3,2.9,2.86,3.1,2.6,2.55,2.95,2.95,2.8,2.97,2.52,2.86,3.1,2.6,2.5,2.9,2.9,2.75,2.88,2.75,2.5,2.88,2.88,2.5,2.9,2.9,2.67,3.01,2.91,2.61,2.79,2.52,2.83,3.03,2.73,2.85,3.1,2.6,2.8,3,2.7,2.85,2.95,2.55,2.92,3.05,2.62,2.8,2.97,2.52,2.85,3.1,2.6,2.9,3.1,2.65,2.72,2.88,2.48,2.68,2.82,2.42,2.85,3.05,2.6,2.79,2.97,2.47,2.5,3,2.95,2.82,3,2.55,2.74,2.98,2.96,2.42,2.6,2.48,2.7,2.8,2.6,2.85,3.05,2.58,2.63,2.88,2.6,2.58,2.96,3,2.85,3,2.6,2.85,3.05,2.6,2.75,2.9,2.55,2.85,3,2.6,2.8,2.9,2.6,2.75,3.1,2.5,2.75,3.1,2.5,2.9,2.9,2.6,2.9,2.9,2.6,2.9,2.9,2.6,2.9,2.9,2.6,2.75,3,2.5,2.5,2.7,2.3,2.75,3,2.5,2.59,3.1,2.73,2.85,3,2.6,2.82,2.97,2.57,2.5,2.97,2.91,2.8,3.1,2.7,2.6,2.95,2.75,2.7,2.9,2.47,2.79,2.95,2.62,2.5,3.15,2.85,2.5,3.15,2.85,2.5,3,2.9,2.85,3.05,2.6,2.9,3.1,2.6,2.65,2.95,2.7,2.55,2.8,2.65,2.9,3.1,2.64,2.87,3.05,2.6,2.85,3.1,2.6,2.65,2.84,2.56,2.75,3,2.5,2.45,2.95,2.9,2.8,3,2.6,2.55,2.71,2.33,2.35,2.81,2.75,2.8,3,2.55,2.8,3,2.55,2.4,2.85,2.85,2.6,2.75,2.35,2.57,3,2.83,2.5,2.9,2.9,2.85,2.95,2.55,2.83,3.05,2.58,2.75,2.9,2.49,2.8,2.95,2.55,2.35,2.8,2.75,2.5,2.9,2.9,2.84,3.03,2.58,2.72,2.87,2.47,2.45,2.95,2.85,2.45,2.95,2.85,2.8,3,2.6,2.5,2.9,2.9,2.7,2.8,2.6,2.75,2.85,2.49,2.85,3,2.57,2.65,2.85,2.4,2.75,3,2.5,2.4,2.9,2.85,2.65,2.95,2.75,2.5,2.6,2.4,2.5,2.9,2.88,2.85,3.1,2.6,2.85,2.95,2.55,2.85,2.95,2.55,2.8,3,2.6,2.49,2.98,2.92,2.51,3,2.95,2.45,2.9,2.9,2.5,3,2.9,2.75,2.95,2.5,2.63,2.8,2.55,2.4,3,2.8,2.47,2.95,2.9,2.9,3.15,2.6,2.55,3.05,3.05,2.35,2.8,2.75,2.7,3,2.5,2.71,3.06,2.95,2.4,2.9,2.87,2.4,2.9,2.87,2.95,3.1,2.63,2.55,2.75,3,2.49,3.05,3,2.56,2.9,3.03,2.85,3,2.6,2.84,3.03,2.58,2.45,2.9,3.05,2.85,2.95,2.55,2.5,2.9,2.9,2.65,2.84,2.56,2.87,3.08,2.77,2.46,2.98,2.94,2.51,3.12,2.98,2.65,2.8,2.4,2.65,2.8,2.4,2.8,2.95,2.55,2.8,3.05,2.6,2.25,2.8,2.75,2.5,3,2.95,0,0,0,0,0,0
0,2.25,3,3.5,2.25,3.1,3.25,2.15,2.87,3.3,2.23,2.9,3.25,2.38,3,3.13,2.16,3.2,3.4,2.25,2.9,3.35,2.23,3,3.25,2.17,3.05,3.4,2.35,3.05,3.4,2.2,2.95,3.25,2.15,3,3.4,2.2,3.2,3.2,2.14,2.95,3.6,2.3,3.1,3.25,2.15,2.85,3,2.18,3.16,3.79,2.15,3.05,3.45,2.27,2.95,3.4,2.1,3.05,3.25,2.2,3,3.3,2.2,3.2,3.2,2.3,3,2.82,2.17,3.05,3.4,2.04,2.84,3.5,2.13,2.97,3.17,2.22,3.15,3.7,2.3,3.1,3.25,2.24,3.05,3.8,2.14,3.22,3.58,2.18,3,3.65,2.23,3,3.25,2.32,3.1,3.51,2.14,2.95,3.6,2.3,3,3.25,2.12,2.9,3.55,2.14,2.95,3.6,2.28,3.04,3.55,2.12,2.79,3.23,2.28,3.04,3.55,2.3,3.1,3.4,2.25,3,3.5,2.35,3.05,3.4,2.25,3.1,3.5,2.23,3,3.25,2.15,3.1,3.6,2.2,3.1,3.7,2.17,2.88,3.25,2.18,2.9,3.15,2.27,3.05,3.45,2.19,2.98,3.25,2.27,3.05,3.3,2.23,2.99,3.35,2.22,3.15,3.7,2.2,3.15,3.75,2.1,3,3.4,2.28,3.1,3.25,2.25,2.88,3.2,2.18,3,3.7,2.3,3.1,3.25,2.28,3.1,3.35,2.25,2.9,3.33,2.2,3.1,3.4,2.25,3.1,3.1,2.25,3.1,3.1,2.25,3.1,3.1,2.25,2.95,3.3,2.25,2.95,3.3,2.25,2.95,3.3,2.25,2.95,3.3,2.25,3.1,3,2,2.7,2.95,2.25,3.1,3,2.2,3,3.37,2.3,3.05,3.25,2.25,2.97,3.35,2.29,3.05,3.2,2.35,3.1,3.3,2.15,3.05,3.35,2.16,2.85,3.25,2.17,3.05,3.4,2.2,3.15,3.4,2.2,3.15,3.4,2.25,3.05,3.3,2.25,3,3.4,2.3,3.1,3.4,2.2,3,3.45,2.05,2.9,3.45,2.21,3.2,3.55,2.29,3.1,3.35,2.2,3.1,3.65,2.15,2.84,3.3,2.15,3,3.3,2.15,3,3.4,2.3,3,3.2,2.06,2.73,2.95,2.09,2.88,3.16,2.23,3,3.35,2.23,3,3.35,2.05,2.9,3.45,2.07,2.7,3.05,2.2,3.1,3.5,2.14,2.95,3.6,2.35,3.05,3.4,2.28,3.08,3.26,2.2,2.9,3.15,2.23,3,3.25,2.05,2.9,3.25,2.14,2.95,3.6,2.25,3.02,3.4,2.1,2.97,3.3,2.1,3.05,3.4,2.1,3.05,3.4,2.25,3.1,3.3,2.14,2.95,3.6,2.1,3,3.4,2.19,2.85,3.3,2.27,3.1,3.2,2.15,2.85,3.1,2.15,3,3.3,2.1,2.95,3.3,2.15,3.05,3.48,1.95,2.75,3.15,2.1,3,3.5,2.3,3.1,3.4,2.35,3.05,3.4,2.35,3.05,3.4,2.25,3,3.25,2.25,3.05,3.3,2.27,3.05,3.35,2.15,3,3.4,2.15,3.1,3.4,2.2,2.95,3.2,2.05,2.9,3.3,2.15,3,3.3,2.23,3,3.25,2.25,3.05,3.6,2.22,3.1,3.6,2.15,2.88,3,2.25,3,3,2.3,3.09,3.61,2.1,2.99,3.32,2.1,2.99,3.32,2.32,3.15,3.4,2.1,2.95,3.7,2.25,3.1,3.35,2.17,2.93,3.57,2.25,3.1,3.3,2.27,3.06,3.32,2.14,2.91,3.7,2.35,3.05,3.4,2.14,2.95,3.6,2.15,2.84,3.3,2.3,3.09,3.61,2.16,3.1,3.4,2.16,3.22,3.56,2.15,2.85,3.1,2.15,2.85,3.1,2.23,3,3.35,2.3,3.05,3.3,2.05,2.85,3.1,2.17,3.1,3.5,0,0,0,0,0,0
0,1.55,3.75,6.5,1.53,3.8,6.5,1.53,3.5,6,1.82,3.2,4.2,1.53,3.7,6.5,1.8,3.5,4.2,1.55,3.65,6.25,1.5,3.65,6.6,1.57,3.7,5.8,1.58,3.8,6.75,0,0,0,1.83,3.2,4.4,1.62,3.7,5.1,1.78,3.1,5,1.55,3.75,6.5,1.75,3.1,4,1.53,4.14,7.01,1.8,3.3,4.75,1.57,3.75,6.15,1.81,3.3,3.95,1.82,3.3,4.2,1.62,3.7,5.1,1.56,3.65,4.9,1.57,3.7,5.8,0,0,0,1.46,3.75,5.85,1.81,3.4,5.1,1.55,3.75,6.5,1.8,3.4,5.3,1.83,3.45,4.5,1.82,3.15,5.1,1.82,3.3,4.2,1.57,3.86,6.3,1.78,3.1,5,1.53,3.6,6.5,1.76,3.05,4.9,1.78,3.1,5,1.53,4.1,6.7,1.48,3.41,5.8,1.53,4.1,6.7,1.85,3.4,4.3,1.55,3.75,6.5,1.58,3.8,6.75,1.57,3.85,6.6,1.82,3.3,4.2,1.75,3.4,5.5,1.83,3.3,5.1,1.5,3.55,5.8,1.78,3.2,4,1.55,3.85,6.4,1.5,3.7,6.2,1.85,3.4,4.3,1.53,3.75,6.3,1.81,3.4,5.4,1.81,3.4,5.4,1.73,3.3,4.33,1.57,3.8,5.9,1.53,3.5,6,0,0,0,1.55,3.75,6.5,1.86,3.4,4.3,1.83,3.25,4.2,1.83,3.4,4.33,1.57,3.6,5.75,1.57,3.6,5.75,1.57,3.6,5.75,1.87,3.25,4.3,1.87,3.25,4.3,1.87,3.25,4.3,1.54,3.7,6.25,1.53,3.7,6,1.7,2.95,3.6,1.53,3.7,6,1.78,3.3,4.54,1.55,3.8,6.2,1.53,3.7,6.5,1.88,3.3,4.1,0,0,0,1.76,3.25,4.55,1.49,3.55,6,1.57,3.7,5.8,1.82,3.4,4.4,1.82,3.4,4.4,1.83,3.35,4.25,1.54,3.8,6.4,1.87,3.45,4.4,1.78,3.3,4.7,1.75,2.95,4.75,1.85,3.45,4.65,1.87,3.45,4.35,1.8,3.3,5.2,1.46,3.71,6,1.8,3.3,4.1,1.77,3.25,4.65,1.85,3.2,4.2,1.7,2.98,3.73,1.71,3.14,4.14,1.54,3.7,6.2,1.54,3.7,6.2,1.7,3.05,5,1.44,3.3,5.45,1.8,3.4,4.5,1.77,3.1,5,1.58,3.8,6.75,1.54,3.8,6.35,1.81,3.25,4,1.82,3.3,4.2,1.75,3.1,4.05,1.78,3.1,5,1.54,3.8,6.39,1.75,3.2,4.2,1.8,3.3,4.2,1.8,3.3,4.2,1.85,3.4,4.3,1.77,3.1,5,1.73,3.3,4.33,1.51,3.6,6.2,1.87,3.37,4.15,1.76,3.15,3.95,1.8,3.3,4.1,1.75,3.25,4.35,1.8,3.2,4.7,1.6,3.05,4,1.75,3.4,4.5,1.55,3.85,6.7,1.58,3.8,6.75,1.58,3.8,6.75,1.73,3.65,4.5,1.83,3.35,4.25,1.85,3.35,4.3,1.75,3.25,4.75,1.8,3.4,4.33,1.8,3.25,4.15,1.73,3.25,4.33,1.75,3.25,4.25,1.82,3.3,4.2,1.85,3.35,4.75,1.88,3.35,4.5,1.73,3.15,4,1.8,3.2,4.1,1.54,4.2,6.8,1.72,3.22,4.55,1.72,3.22,4.55,1.87,3.4,4.7,1.72,3.3,4.9,1.84,3.45,4.35,1.78,3.22,4.8,1.85,3.35,4.33,1.85,3.38,4.29,1.73,3.25,5.1,1.58,3.8,6.75,1.78,3.1,5,1.5,3.5,6,1.54,4.2,6.8,1.76,3.3,4.7,1.85,3.45,4.46,1.76,3.15,3.95,1.76,3.15,3.95,1.53,3.75,6.2,1.56,3.75,6.25,1.39,3.6,6.1,1.83,3.3,4.5,0,0,0,0,0,0
0,1.67,3.5,5.5,1.67,3.4,5.8,1.67,3.2,5.25,1.66,3.3,5.2,1.62,3.4,6,1.69,3.5,5,1.7,3.25,5.5,1.66,3.3,5.4,1.7,3.45,4.95,1.75,3.4,5.5,1.6,3.6,5.5,1.67,3.3,5.5,1.67,3.5,5.1,1.64,3.35,5.6,1.6,3.6,6,1.6,3.2,4.75,1.55,4.15,6.95,1.65,3.5,5.25,1.6,3.65,5.9,1.65,3.35,4.85,1.65,3.5,5.25,1.67,3.5,5.1,1.67,3.45,4.3,1.69,3.45,5.1,1.64,3.1,5.1,1.62,3.26,5,1.65,2.8,4.1,1.6,3.6,6,1.73,3.5,5.9,1.65,3.6,5.75,1.67,3.45,5.75,1.66,3.45,5.1,1.63,3.68,5.9,1.64,3.35,5.6,1.6,3.4,6,1.62,3.3,5.6,1.64,3.35,5.6,1.57,3.92,6.3,1.5,3.41,5.5,1.59,3.84,6.3,1.7,3.6,5.3,1.67,3.5,5.5,1.75,3.4,5.5,1.7,3.45,5.8,1.66,3.45,5.1,1.66,3.65,5.8,1.59,3.9,6.3,1.64,3.35,5.2,1.63,3.3,4.9,0,0,0,0,0,0,1.68,3.5,5.25,1.67,3.35,5.5,1.65,2.8,4.1,1.65,2.84,4.1,1.57,3.4,5.5,1.7,3.55,4.95,1.6,3.3,5.5,0,0,0,1.6,3.6,6,1.69,3.55,5.4,1.65,3.4,5.33,1.66,3.5,5.5,1.62,3.5,5.5,1.62,3.5,5.5,1.62,3.5,5.5,1.61,3.7,5.6,1.61,3.7,5.6,1.61,3.7,5.6,1.71,3.25,5.4,1.63,3.5,5,1.55,3.1,4.4,1.63,3.5,5,1.63,3.5,5.61,1.68,3.35,5.7,1.72,3.3,5,1.68,3.5,5,1.72,3.45,5.5,1.62,3.6,5,1.63,3.2,5.2,1.71,3.5,4.85,1.67,3.5,5.5,1.67,3.5,5.5,1.65,3.5,5.25,1.68,3.4,5.6,1.7,3.6,5.4,1.58,3.65,5.8,1.6,3.3,5.25,1.67,3.6,5.9,1.7,3.55,5.3,1.65,3.6,5.9,1.52,3.51,5.7,1.65,3.4,5,1.63,3.45,5.35,1.7,3.4,5,1.56,3.07,4.48,1.57,3.29,4.9,1.58,3.6,5.8,1.58,3.6,5.8,1.6,3.3,5.25,1.57,3,4.8,1.66,3.5,5.5,1.64,3.35,5.6,1.75,3.4,5.5,1.7,3.4,5.4,1.65,3.35,4.8,1.66,3.45,5,1.6,3.2,4.95,1.64,3.35,5.6,1.68,3.39,5.57,1.6,3.3,5.2,1.65,3.35,5.1,1.65,3.35,5.1,1.7,3.5,5.2,1.64,3.35,5.6,1.57,3.4,5.5,1.65,3.2,5.4,1.7,3.5,5,1.62,3.25,4.65,1.65,3.4,5,0,0,0,1.58,3.6,5.9,1.46,3.15,5.3,1.6,3.5,6,1.7,3.45,5.7,1.75,3.4,5.5,1.75,3.4,5.5,1.67,3.5,5.25,1.67,3.5,5.2,1.68,3.5,5.25,1.62,3.4,5.5,1.67,3.4,5.5,1.65,3.4,5,1.55,3.3,5.5,1.65,3.4,5,1.67,3.45,5,1.7,3.65,5.4,1.9,3.25,4.7,1.6,3.25,4.6,1.65,3.4,4.7,1.6,3.91,6.4,1.6,3.53,4.95,1.6,3.53,4.95,1.72,3.6,5.5,1.6,3.5,5.7,1.68,3.55,5.25,1.65,3.33,5.76,1.7,3.5,5.25,1.68,3.52,5.24,1.65,3.3,5.8,1.75,3.4,5.5,1.64,3.35,5.6,1.52,3.51,5.7,1.6,3.91,6.4,1.64,3.65,5.1,1.67,3.6,5.61,1.6,3.25,4.8,1.6,3.25,4.8,1.67,3.35,5.4,1.7,3.35,5.3,1.53,3.15,5,1.68,3.45,5.3,0,0,0,0,0,0
2,3,2.88,2.63,3,2.88,2.6,2.87,2.75,2.45,2.85,2.8,2.55,2.9,2.9,2.55,2.6,3,2.9,2.95,2.8,2.6,2.9,2.85,2.55,2.94,2.9,2.53,3,2.95,2.65,2.87,2.95,2.45,2.9,2.8,2.55,2.8,3.05,2.54,2.65,2.8,2.85,3,3,2.5,2.7,2.75,2.4,2.88,2.96,2.88,2.6,2.85,2.85,3,2.9,2.55,2.48,2.93,2.72,2.9,2.95,2.45,2.8,3.05,2.54,2.66,2.89,2.51,2.94,2.9,2.53,2.43,2.64,2.96,2.77,2.88,2.41,2.96,2.92,2.7,3,3,2.5,2.82,2.88,3.2,3.02,3.02,2.53,2.7,2.85,2.9,2.67,2.82,2.77,3.02,3.02,2.55,2.65,2.8,2.85,2.88,2.88,2.6,2.63,2.75,2.8,2.65,2.8,2.85,3.04,2.91,2.65,2.79,2.68,2.45,3.04,2.91,2.65,2.9,3,2.6,3,2.88,2.63,3,2.95,2.65,3,3,2.6,2.92,2.9,2.48,2.65,2.95,2.9,3,3,2.65,2.85,2.82,2.42,2.75,2.82,2.48,3,3,2.55,2.92,2.89,2.43,2.9,2.97,2.58,2.95,2.92,2.51,2.96,2.92,2.7,2.62,2.92,2.88,2.8,2.8,2.55,2.9,2.97,2.58,2.88,2.8,2.5,2.7,2.78,3.1,3,3,2.5,2.9,3,2.6,2.8,2.86,2.55,3,3,2.5,2.8,2.9,2.6,2.8,3,2.5,2.9,2.9,2.5,2.9,2.85,2.6,2.9,2.85,2.6,2.9,2.85,2.6,2.95,2.85,2.55,2.87,2.95,2.45,2.6,2.65,2.25,2.87,2.95,2.45,2.76,2.9,2.65,2.97,2.85,2.6,2.97,2.9,2.52,2.94,2.9,2.53,0,0,0,2.6,2.85,2.8,2.85,2.8,2.43,2.94,2.9,2.53,2.6,3,2.85,2.6,3,2.85,2.6,2.9,2.85,3,2.95,2.55,2.95,3,2.65,2.6,2.85,2.85,2.4,2.95,2.8,3,3.05,2.58,2.93,2.99,2.61,3,3,2.6,2.84,2.73,2.49,2.87,2.95,2.45,2.6,2.85,2.85,2.8,2.9,2.6,2.6,2.65,2.33,2.36,2.7,2.85,2.95,2.95,2.5,2.95,2.95,2.5,2.55,2.75,2.75,2.7,2.65,2.31,2.5,2.85,3.1,2.65,2.8,2.85,3,2.95,2.65,2.99,2.99,2.51,2.8,2.85,2.5,2.85,2.9,2.55,2.35,2.7,2.9,2.65,2.8,2.85,2.98,2.95,2.53,2.82,2.82,2.42,2.5,2.8,2.95,2.5,2.8,2.95,2.9,2.9,2.6,2.65,2.8,2.85,2.8,2.8,2.5,2.85,2.8,2.45,2.87,2.95,2.57,2.7,2.75,2.45,2.87,2.95,2.45,2.5,2.75,2.9,2.65,2.9,2.79,2.6,2.6,2.35,2.88,2.88,2.6,3.05,3,2.55,3,2.95,2.65,3,2.95,2.65,2.9,2.9,2.6,2.69,2.85,2.8,2.63,2.9,2.9,2.6,2.8,2.85,2.9,2.9,2.45,2.65,2.8,2.75,2.8,2.75,2.5,2.5,2.9,2.8,2.65,2.8,2.75,3.05,3.05,2.55,2.57,2.92,3.15,2.45,2.75,2.65,2.7,3,2.5,3.08,2.95,2.69,2.57,2.78,2.76,2.57,2.78,2.76,3.05,3,2.63,2.85,2.9,2.55,2.9,3,2.59,2.72,2.71,2.89,2.9,2.95,2.6,2.9,2.96,2.58,2.59,2.71,3.1,3,2.95,2.65,2.65,2.8,2.85,2.84,2.73,2.49,3.08,2.95,2.69,2.64,2.86,2.84,2.65,3.08,2.82,2.7,2.8,2.45,2.7,2.8,2.45,2.95,2.9,2.5,2.96,2.9,2.58,2.75,2.75,2.3,2.52,2.92,3,0,0,0,0,0,0
1,1.91,3.1,4.5,1.91,3,4.6,1.87,2.9,4.2,1.95,3,3.95,1.9,3,4.5,2.05,3.1,3.7,2.05,3.2,3.65,1.96,3.3,3.6,1.93,3.2,4,2,3.2,4.3,1.93,3.1,3.9,1.95,3,4.2,1.98,3.1,3.95,2,2.9,4.2,1.9,3.2,4.33,1.85,2.95,3.75,1.84,3.41,5.18,1.92,3.05,4.25,2.01,3.3,3.7,2.01,3,3.55,1.95,3.1,3.9,1.98,3.1,3.95,1.92,3.2,3.5,1.93,3.2,4,0,0,0,1.83,3.03,4.07,2,2.62,3.5,1.9,3.2,4.33,2.1,2.94,4.4,2.02,3.18,4.05,2.04,2.95,4.25,1.98,3.05,3.85,1.93,3,4.6,2,2.9,4.2,2,3.2,3.8,1.98,2.85,4.1,2,2.9,4.2,1.94,3.16,4.6,1.81,2.88,4.1,1.94,3.16,4.6,2,3.2,4.1,1.91,3.1,4.5,2,3.25,4.1,1.93,3.2,4.6,1.96,3.3,3.6,2,3.1,4.4,2,3.2,4.3,1.92,3.2,3.5,1.9,3,3.8,2.01,3.4,3.75,1.91,3.22,3.78,1.97,3.15,4.05,1.97,3.35,3.65,2,2.62,3.5,2,2.62,3.95,1.91,3,3.9,1.97,3.3,3.85,1.95,3.1,3.75,2.04,2.92,4.4,1.9,3.2,4.33,1.99,3.2,4.1,1.93,3,4,1.95,3.2,4.2,1.91,3.2,4,1.91,3.2,4,1.91,3.2,4,2,3.05,4,2,3.05,4,2,3.05,4,2,3.25,3.7,1.93,3.1,3.9,1.8,2.8,3.4,1.93,3.1,3.9,1.9,3,4.25,1.97,3.2,4,1.98,3.3,3.7,1.98,3.15,3.85,1.95,3.15,4.5,2,3.05,3.8,1.92,3.2,3.5,1.93,3.2,4,2,3.15,3.95,2,3.15,3.95,1.95,3.15,4,1.99,3.35,3.7,2,3.25,4.1,1.95,3.05,4.2,1.91,3,3.75,1.99,3.25,4.2,2,3.2,4.1,2,3.05,4.4,1.84,2.94,4.2,1.93,3.1,3.9,1.93,3,4.15,2,3.2,4,1.81,2.81,3.53,1.92,2.92,3.57,1.97,3.35,3.65,1.97,3.35,3.65,1.95,2.8,4,1.84,3,3.3,2.05,3,4,2,2.9,4.2,2,3.25,4.1,1.96,3.14,4.15,1.93,3.05,3.8,1.95,3.1,3.95,1.95,2.85,3.7,2,2.9,4.2,1.99,3.36,3.7,1.88,3,3.9,2,2.95,3.9,2,2.95,3.9,1.95,3.2,4,2,2.9,4.2,1.91,3,3.8,1.94,3.15,3.6,1.98,3.15,3.95,1.88,2.95,3.7,1.93,3.1,3.9,1.98,2.9,3.8,1.95,3,4.28,1.78,2.8,3.6,1.95,3.1,4,1.97,3.25,4.2,2,3.25,4.1,2,3.25,4.1,1.98,3.15,4,2,3.1,3.9,1.96,3.15,4,1.92,3,4.1,1.91,3.1,4,2,3.05,3.7,1.91,3,3.8,1.95,3.1,3.8,1.98,3.05,3.85,1.95,3.2,4.45,2.02,3.1,4.3,1.85,3,3.65,2,3.1,3.5,1.96,3.21,4.7,1.94,3.02,3.77,1.94,3.02,3.77,2.06,3.15,4.2,1.95,3.2,3.8,1.97,3.2,4.05,2.01,2.91,4.17,2,3.2,4,1.97,3.17,4.03,1.99,2.83,4.4,2,3.25,4.1,2,2.9,4.2,1.84,2.94,4.2,1.96,3.21,4.7,1.99,3.1,3.9,2.08,3.04,4.1,1.88,2.95,3.75,1.88,2.95,3.75,1.97,3.35,3.65,2,3.3,3.7,1.78,2.97,3.8,2.07,2.97,4,0,0,0,0,0,0
0,2.38,2.9,3.3,2.38,3,3.2,2.25,2.87,3.1,1.85,3.15,4.2,1.95,3.1,4,1.99,3.3,3.7,2.35,2.95,3.15,2.29,3,3.1,2.11,3.1,3.4,2.4,3.05,3.25,2,3.1,3.6,1.87,3.2,4.25,2.33,3.15,3,1.8,3.25,4.5,2.15,3.3,3.3,1.75,3,4,2.12,3.27,3.93,1.83,3.3,4.25,2.01,3.1,4,1.86,3.2,3.75,1.85,3.25,4.2,2.33,3.15,3,1.9,3.25,3.5,2.11,3.1,3.4,1.71,3.1,4.5,2.24,2.96,2.96,1.8,2.92,3.9,2.15,3.3,3.3,1.82,3.45,5.1,1.87,3.34,4.5,1.84,3.35,4.6,1.84,3.25,4.15,1.9,3.45,4.23,1.8,3.25,4.5,1.9,3.2,3.8,1.78,3.2,4.4,1.8,3.25,4.5,2.41,2.95,3.37,2.24,2.71,3.08,2.41,2.95,3.37,1.9,3.4,4.3,2.38,2.9,3.3,2.4,3.05,3.3,2.37,3.1,3.25,1.84,3.25,4.15,1.89,3.3,4.55,1.95,3.4,4.2,1.92,3,3.75,1.8,3.15,4,2.35,3.1,3.2,2.21,3,3.17,1.87,3.3,4.25,2.31,3.05,3.15,1.95,3.05,3.9,2,2.6,3.9,1.85,3.1,4.2,2.33,3.1,3.15,2,3,3.75,1.82,3.35,4.9,0,0,0,2.15,3.3,3.3,1.88,3.35,4.3,1.83,3.25,4.2,1.85,3.4,4.33,1.95,3.2,3.8,2.1,3.1,3.5,2.1,3.1,3.5,1.91,3.2,4.3,1.91,3.2,4.3,1.91,3.2,4.3,2.1,3.05,3.6,1.95,3.2,3.7,1.72,2.9,3.6,1.95,3.2,3.7,1.83,3.35,4.17,2.4,2.97,3.15,2.31,3.05,3.15,1.88,3.35,4,1.95,3.1,3.95,2.24,2.95,3,2,3.15,3.7,1.85,3.4,4.3,1.85,3.4,4.3,1.85,3.3,4.25,2.33,3.1,3.15,1.9,3.4,4.4,1.97,3.15,3.95,2.2,3,3,1.88,3.4,4.5,1.9,3.35,4.3,1.85,3.4,4.7,2.28,2.76,3.14,1.83,3.25,4.1,1.8,3.25,4.4,1.85,3.2,4.2,1.72,2.93,3.72,1.75,3.1,3.99,1.97,3.15,3.95,1.97,3.15,3.95,1.8,3.1,4.2,2.13,2.75,2.85,1.81,3.4,4.5,1.8,3.25,4.5,2.4,3.05,3.3,2.33,3.08,3.16,1.83,3.15,4,1.84,3.25,4.2,1.75,3.1,4.1,1.8,3.25,4.5,2.33,3.08,3.17,1.78,3.15,4.1,1.82,3.25,4.1,1.82,3.25,4.1,1.85,3.3,4.3,1.8,3.25,4.5,1.85,3.1,4.2,2.26,2.9,3.05,1.88,3.3,4.15,1.78,3.1,3.95,1.83,3.25,4.1,1.77,3.25,4.25,1.9,3.15,4.23,1.7,2.9,3.9,1.87,3.2,4.33,2.35,3.15,3.25,2.4,3.05,3.3,2.4,3.05,3.3,1.87,3.25,4.25,1.86,3.3,4.2,1.87,3.3,4.3,1.78,3.25,4.5,1.83,3.3,4.33,1.83,3.2,4.1,1.8,3.1,4.2,1.8,3.25,4,1.84,3.25,4.2,1.88,3.3,4.7,1.83,3.35,4.85,1.75,3,4.1,1.9,3.2,3.7,2.45,3,3.41,1.79,3.3,3.97,1.8,3.3,3.97,1.92,3.35,4.5,1.83,3.1,4.6,1.86,3.4,4.35,1.84,3.18,4.44,1.9,3.3,4.2,1.87,3.32,4.27,1.79,3.25,4.6,2.4,3.05,3.3,1.8,3.25,4.5,2.28,2.76,3.14,2.45,3,3.41,1.84,3.4,4.1,1.79,3.46,4.83,1.78,3.1,3.95,1.78,3.1,3.95,2.31,3.05,3.15,2.3,3,3.3,1.67,3.05,4.2,1.85,3.3,4.3,1.93,3.3,3.65,0,0,0
1,1.5,3.8,7.5,1.44,3.9,8,1.44,3.5,8,1.45,3.65,7.4,1.44,3.7,8.5,1.66,3.4,5.4,1.5,3.6,8,1.46,3.65,7.8,1.54,3.55,6.7,1.5,3.8,8.25,1.61,3.4,5.75,1.44,3.7,8,1.54,3.7,6.3,1.58,3.35,6.25,1.66,3.5,5.5,1.4,3.5,6.5,1.45,4.2,9.11,1.5,3.6,6.5,1.64,3.5,5.85,1.61,3.31,5.35,1.61,3.4,5.75,1.48,3.8,7,1.47,3.8,5.8,1.54,3.55,6.7,1.6,3.15,5.3,1.41,3.63,7.1,1.63,3.55,7,1.66,3.5,5.5,1.65,3.5,6.8,1.47,3.94,8.1,1.62,3.45,6.4,1.45,3.8,7.25,1.66,3.54,5.9,1.58,3.35,6.25,1.62,3.4,6,1.57,3.35,6.25,1.58,3.35,6.25,1.44,4.1,8.9,1.37,3.6,7.6,1.44,4.1,8.9,1.48,4,7.7,1.5,3.8,7.5,1.5,3.8,8.25,1.47,3.85,8.75,1.45,3.8,7.25,1.6,3.5,7.3,1.49,3.8,8.9,1.57,3.35,5.5,1.42,3.65,7,1.49,3.8,8.2,1.43,3.8,7.35,1.47,3.9,7.6,1.47,3.7,7.9,1.63,3.6,7.2,1.67,3.5,6.6,1.4,3.75,7.5,1.48,3.75,8,1.6,3.3,5.5,0,0,0,1.66,3.5,5.5,1.47,3.95,7.8,1.43,3.75,7.5,1.57,3.6,6.5,1.62,3.5,5.5,1.45,3.75,7.5,1.45,3.75,7.5,1.53,3.6,7,1.53,3.6,7,1.53,3.6,7,1.47,3.8,7.5,1.61,3.4,5.75,1.52,3,4.8,1.61,3.4,5.75,1.6,3.55,5.61,1.65,3.45,5.7,1.47,3.7,7.85,1.6,3.45,6.1,1.5,3.9,8,1.6,3.45,5.75,1.43,3.5,7.4,1.6,3.45,6.1,1.45,3.9,8,1.45,3.9,8,1.6,3.5,5.7,1.48,3.75,8,1.48,4,7.8,1.62,3.5,5.8,1.53,3.35,6,1.46,4,8.7,1.48,3.9,7.6,1.48,3.85,8.5,1.38,3.71,7.9,1.61,3.4,5.75,1.58,3.45,6.05,1.45,3.8,7,1.37,3.32,6.26,1.5,3.31,5.7,1.61,3.5,5.8,1.61,3.5,5.8,1.53,3.25,6.25,1.39,3.25,6.7,1.61,3.6,6,1.57,3.35,6.25,1.5,3.8,8.25,1.47,3.88,7.7,1.45,3.75,7.6,1.45,3.8,7.4,1.5,3.25,5.75,1.58,3.35,6.25,1.48,3.74,7.99,1.55,3.3,5.7,1.6,3.45,5.4,1.6,3.45,5.4,1.45,3.9,7.6,1.57,3.35,6.25,1.4,3.75,7.5,1.45,3.55,7.6,1.48,3.9,7.15,1.55,3.25,5.4,1.61,3.4,5.75,1.55,3.35,6,1.55,3.55,6.5,1.3,3.45,7,1.57,3.4,6,1.5,3.75,8.5,1.5,3.8,8.25,1.5,3.8,8.25,1.47,3.85,7.5,1.61,3.5,5.8,1.61,3.5,5.85,1.57,3.4,6,1.53,3.5,6.25,1.58,3.4,5.7,1.4,3.7,7.5,1.65,3.4,5,1.6,3.45,5.8,1.5,3.9,8,1.65,3.5,6.3,1.41,3.4,6.5,1.45,3.7,6.6,1.45,4.2,9.1,1.55,3.39,5.7,1.55,3.39,5.7,1.52,3.95,7.75,1.6,3.3,6.2,1.46,4,7.75,1.57,3.4,6.66,1.48,3.9,7.5,1.47,3.9,7.59,1.57,3.45,6.5,1.5,3.8,8.25,1.58,3.35,6.25,1.38,3.71,7.9,1.45,4.2,9.1,1.59,3.5,6,1.66,3.52,5.95,1.4,3.5,6.75,1.4,3.5,6.75,1.47,3.7,7.8,1.6,3.45,6.3,1.45,3.35,5.6,1.63,3.45,5.9,0,0,0,0,0,0
0,1.95,3.4,4,2.1,3.3,3.4,1.91,3.1,3.8,1.96,3.25,3.55,1.95,3.2,3.9,2.13,3.4,3.2,2.1,3.4,3.25,2.03,3.5,3.2,2.06,3.25,3.45,2.05,3.4,3.7,2,3.25,3.4,2.05,3.1,3.5,2.02,3.35,3.45,2.04,3.15,3.55,2.05,3.4,3.5,1.9,3.1,3.3,1.88,3.64,4.45,1.95,3.3,3.65,2.13,3.3,3.4,2.07,3.25,3.11,2,3.3,3.4,2.02,3.35,3.45,1.99,3.4,3.1,2.06,3.25,3.45,2.25,2.88,2.97,1.88,3.24,3.57,2.16,3.35,2.96,2.05,3.4,3.5,2.22,3,3.1,2.02,3.44,3.68,2.08,3.25,3.65,1.96,3.35,3.55,2.04,3.44,3.67,2.04,3.15,3.55,2,3.4,3.5,2.02,3.15,3.5,2.04,3.15,3.55,2.06,3.36,3.74,1.74,3.23,3.91,1.86,3.56,4.33,2,3.5,3.7,1.95,3.4,4,2.05,3.4,3.7,1.98,3.4,4,1.96,3.35,3.55,2.22,3.3,3.3,2,3.6,3.7,2.1,3.15,3.1,1.9,3.2,3.35,2.06,3.55,3.4,1.97,3.35,3.2,2.18,3.3,3.25,2.03,3.5,3.35,2.24,3.35,3.45,2.24,3.35,3.45,1.91,3.3,3.6,2.18,3.3,3.25,2,3.25,3.4,0,0,0,2.05,3.4,3.5,2,3.45,3.65,1.94,3.25,3.6,2,3.4,3.6,2.1,3.25,3.3,1.95,3.4,3.5,1.95,3.4,3.5,2,3.3,3.65,2,3.3,3.65,2,3.3,3.65,2.05,3.4,3.35,2,3.25,3.4,1.87,2.9,3.1,2,3.25,3.4,0,0,0,2.15,3.3,3.4,2,3.35,3.55,2.06,3.25,3.45,2.05,3.45,3.7,2.05,3.3,3.4,1.97,3.35,3.2,2.23,3.2,3.1,2.15,3.35,3.25,2.15,3.35,3.25,1.97,3.4,3.6,2.04,3.5,3.35,2,3.5,3.7,2.05,3.25,3.5,1.95,3.1,3.45,1.99,3.55,3.8,2.01,3.45,3.65,2.02,3.4,3.8,1.96,3.12,3.47,2,3.25,3.4,1.95,3.3,3.65,2,3.4,3.6,1.83,3.02,3.2,2.04,3.09,3.03,2.1,3.3,3.35,2.1,3.3,3.35,1.95,3.1,3.45,1.84,3.05,3.25,2.3,3.25,3.1,2.04,3.15,3.5,2.05,3.4,3.7,2.11,3.34,3.38,1.95,3.25,3.45,1.96,3.35,3.55,2.15,3.05,2.9,2.04,3.15,3.55,2.04,3.52,3.37,2.05,3.1,3.2,0,0,0,0,0,0,2,3.4,3.6,2.04,3.15,3.5,1.91,3.3,3.6,1.99,3.3,3.25,2,3.4,3.6,2.05,3.1,3,2,3.25,3.4,2.2,3.1,3,1.98,3.3,3.67,1.78,3.05,3.3,2.1,3.3,3.3,2.1,3.5,3.45,2.05,3.4,3.7,2.05,3.4,3.7,2.2,3.25,3.25,1.97,3.4,3.6,1.97,3.4,3.6,1.93,3.3,3.7,1.95,3.2,3.6,1.95,3.3,3.5,1.91,3.25,3.5,2,3.2,3.4,2.14,3.25,3.15,2.07,3.5,3.55,2.32,3.25,3.2,2,3.05,3.15,2,3.1,3.5,2.09,3.41,3.8,1.95,3.3,3.38,1.95,3.3,3.38,2.06,3.4,3.8,1.95,3.3,3.7,1.98,3.5,3.7,2.01,3.17,3.72,2,3.4,3.65,1.99,3.42,3.63,0,0,0,2.05,3.4,3.7,2.04,3.15,3.55,1.96,3.12,3.47,2.09,3.41,3.8,2,3.4,3.5,2.04,3.44,3.67,1.88,3.15,3.35,1.88,3.15,3.35,2.03,3.5,3.35,2.04,3.3,3.6,1.85,3.1,3.3,2.15,3.3,3.35,0,0,0,0,0,0
2,2.75,2.88,2.88,2.63,3.1,2.75,2.6,2.75,2.7,2.6,2.8,2.75,2.75,2.88,2.75,2.7,3,2.7,2.7,2.85,2.8,2.6,2.9,2.75,2.65,2.95,2.76,2.8,3,2.8,2.6,2.95,2.7,2.65,2.87,2.75,2.61,3.05,2.69,2.9,2.8,2.6,2.8,3,2.65,2.5,2.75,2.6,2.91,2.91,2.91,2.65,2.8,2.8,2.75,2.9,2.8,2.71,2.85,2.55,2.6,2.95,2.7,2.61,3.05,2.69,2.68,2.81,2.57,2.65,2.95,2.76,2.95,2.58,2.49,2.52,2.9,2.62,3,2.94,2.74,2.8,3,2.65,2.82,2.84,2.68,2.66,3.08,2.8,2.95,2.85,2.65,2.62,2.92,2.75,2.88,3.02,2.65,2.9,2.8,2.6,2.8,2.88,2.63,2.85,2.75,2.6,2.9,2.8,2.6,2.77,2.9,2.9,2.56,2.67,2.67,2.77,2.9,2.9,2.7,3,2.8,2.75,2.88,2.88,2.8,3,2.8,2.72,3.05,2.85,2.62,2.92,2.75,2.9,2.9,2.72,2.75,3,2.85,2.62,2.78,2.38,2.5,2.78,2.62,2.7,3,2.8,2.55,2.84,2.66,2.67,2.97,2.78,2.64,2.94,2.76,3,2.94,2.74,3,2.94,2.74,2.63,2.8,2.63,2.67,2.97,2.78,2.75,2.8,2.6,2.72,2.9,2.72,2.8,3,2.65,2.7,3,2.8,2.63,2.75,2.8,2.7,3,2.75,2.8,2.88,2.6,2.6,3,2.7,2.6,3,2.7,2.7,2.8,2.8,2.7,2.8,2.8,2.7,2.8,2.8,2.7,2.85,2.8,2.6,2.95,2.7,2.37,2.65,2.45,2.6,2.95,2.7,2.65,2.85,2.73,2.85,2.95,2.65,2.67,2.87,2.8,2.65,2.95,2.76,2.8,3.05,2.75,2.8,2.85,2.65,2.55,2.85,2.65,2.7,2.95,2.7,2.7,2.9,2.6,2.7,2.9,2.6,2.7,2.85,2.8,2.65,2.95,2.8,2.7,3.05,2.85,2.8,2.85,2.65,2.55,2.9,2.6,2.73,3,2.86,2.75,2.92,2.87,2.7,3.05,2.8,2.6,2.72,2.72,2.6,2.95,2.7,2.7,2.8,2.8,2.7,2.9,2.7,2.4,2.66,2.51,2.64,2.71,2.52,2.7,2.9,2.75,2.7,2.9,2.75,2.65,2.7,2.65,2.46,2.6,2.55,2.9,2.85,2.66,2.9,2.8,2.6,2.8,3,2.8,2.63,3.05,2.77,2.55,2.85,2.7,2.65,2.8,2.8,2.65,2.7,2.55,2.9,2.8,2.6,2.67,2.97,2.79,2.72,2.82,2.52,0,0,0,0,0,0,2.7,2.8,2.8,2.9,2.8,2.6,2.63,2.8,2.63,2.55,2.8,2.7,2.67,2.95,2.8,2.55,2.75,2.6,2.6,2.95,2.7,2.7,2.8,2.6,2.7,2.8,2.83,2.45,2.6,2.45,2.75,2.88,2.7,2.75,3,2.8,2.8,3,2.8,2.8,3,2.8,2.7,2.8,2.8,2.71,2.89,2.74,2.69,2.85,2.8,2.7,2.8,2.75,2.7,2.8,2.7,2.65,2.85,2.7,2.63,2.75,2.63,2.6,2.9,2.7,2.7,2.85,2.7,2.77,2.92,2.87,2.92,2.8,2.85,2.55,2.65,2.63,2.7,2.8,2.7,2.81,2.94,2.94,2.72,2.79,2.6,2.72,2.79,2.6,2.72,3.05,2.9,2.65,2.8,2.85,2.67,3,2.8,2.82,2.69,2.8,2.65,2.95,2.8,2.67,2.97,2.79,0,0,0,2.8,3,2.8,2.9,2.8,2.6,2.6,2.72,2.72,2.81,2.94,2.94,2.8,2.88,2.66,2.88,3.04,2.63,2.5,2.75,2.6,2.5,2.75,2.6,2.65,2.95,2.75,2.74,2.86,2.8,2.45,2.72,2.57,2.85,2.92,2.67,32.86,0,0,0,0,0
2,2.7,3.25,2.6,2.63,3.1,2.7,2.55,2.87,2.65,2.65,2.95,2.65,2.7,3,2.63,2.6,3.3,2.6,2.6,3,2.7,2.55,3.05,2.65,2.62,3,2.73,2.75,3.1,2.75,2.6,3,2.6,2.6,3,2.7,2.62,3.25,2.55,2.7,3,2.6,2.65,3,2.75,2.5,2.9,2.45,2.85,3.23,2.64,2.7,3.05,2.55,2.7,3.05,2.7,2.55,3.15,2.48,2.65,3.1,2.6,2.62,3.25,2.55,2.57,2.98,2.52,2.62,3,2.73,2.67,2.82,2.5,2.47,3.05,2.57,2.8,3.15,2.72,2.65,3,2.75,2.76,3,2.66,2.7,3.16,2.7,2.75,3.05,2.65,2.67,2.95,2.67,2.7,3.16,2.7,2.7,3,2.6,2.63,3,2.75,2.7,2.95,2.6,2.7,3,2.6,2.74,3.23,2.67,2.53,2.95,2.47,2.74,3.23,2.67,2.7,3.1,2.7,2.63,3.2,2.63,2.75,3.1,2.75,2.67,3.2,2.77,2.67,2.95,2.67,2.72,3.1,2.7,2.75,3.1,2.75,2.55,2.95,2.55,2.52,2.9,2.52,2.65,3.15,2.75,2.59,2.86,2.6,2.68,3.1,2.67,2.6,3.1,2.69,2.8,3.15,2.72,2.8,3.15,2.72,2.63,2.9,2.63,2.65,3.05,2.7,2.63,2.88,2.63,2.88,2.96,2.72,2.65,3,2.75,2.7,3.15,2.7,2.63,3,2.6,2.65,3,2.75,2.7,3.1,2.6,2.7,3.1,2.6,2.7,3.1,2.6,2.65,3,2.65,2.65,3,2.65,2.65,3,2.65,2.65,3,2.65,2.6,3.1,2.55,2.37,2.75,2.35,2.6,3.1,2.55,2.68,3.15,2.6,2.7,3.1,2.65,2.65,3,2.7,2.7,3,2.64,2.75,3.15,2.7,2.65,3,2.6,2.5,2.95,2.6,2.62,3,2.73,2.7,3.2,2.6,2.7,3.2,2.6,2.65,3.15,2.6,2.7,3,2.7,2.7,3.15,2.7,2.7,3.05,2.6,2.6,2.95,2.55,2.74,3.2,2.73,2.71,3.15,2.71,2.7,3.15,2.7,2.57,3.01,2.51,2.6,3.1,2.55,2.65,3.05,2.55,2.6,3,2.6,2.41,2.78,2.41,2.55,2.9,2.45,2.65,3.1,2.65,2.65,3.1,2.65,2.6,2.95,2.55,2.43,2.8,2.43,2.75,3.1,2.62,2.7,3,2.6,2.75,3.1,2.75,2.67,3.14,2.67,2.6,2.95,2.6,2.65,3.05,2.6,2.5,2.9,2.5,2.7,3,2.6,2.71,3,2.72,2.57,2.97,2.55,2.7,2.95,2.55,2.7,2.95,2.55,2.7,3.1,2.6,2.7,3,2.6,2.63,2.9,2.63,2.55,2.95,2.6,2.67,3.1,2.67,2.55,2.95,2.45,2.6,3.1,2.55,2.6,3,2.55,2.7,3.1,2.58,2.4,2.7,2.4,2.63,3,2.7,2.7,3.15,2.7,2.75,3.1,2.75,2.75,3.1,2.75,2.6,3.15,2.6,2.65,3.1,2.64,2.68,3.1,2.67,2.65,3,2.6,2.6,3,2.63,2.6,3,2.6,2.6,2.88,2.6,2.6,3.1,2.5,2.65,3.05,2.6,2.72,3.15,2.72,2.72,3.25,2.65,2.5,2.88,2.5,2.6,3,2.6,2.78,3.27,2.71,2.64,3.02,2.58,2.64,3.02,2.58,2.73,3.15,2.8,2.75,3,2.55,2.7,3.15,2.67,2.77,3,2.68,2.7,3.1,2.7,2.67,3.11,2.67,2.78,2.97,2.62,2.75,3.1,2.75,2.7,3,2.6,2.57,3.01,2.51,2.78,3.27,2.71,2.68,3.05,2.62,2.7,3.16,2.7,2.5,2.9,2.5,2.5,2.9,2.5,2.65,2.95,2.65,2.7,3,2.7,2.5,2.9,2.4,0,0,0,2.7,3,2.64,0,0,0
0,2.45,2.88,3.2,2.5,3.1,2.88,2.5,2.8,2.8,2.6,2.8,2.85,2.3,2.88,3.4,2.47,2.7,3.3,2.6,2.85,2.9,2.55,2.9,2.85,2.39,2.85,3.2,2.7,3,2.9,2.5,3,2.75,2.55,2.87,2.87,2.4,2.94,3.1,2.43,2.7,3.25,2.6,3,2.85,2.4,2.8,2.65,2.42,2.93,3.67,2.25,2.8,3.45,2.6,3,2.85,2.4,2.68,3.11,2.3,2.75,3.4,2.4,2.94,3.1,2.38,2.81,2.9,2.39,2.85,3.2,2.49,2.5,3.05,2.43,2.93,2.71,2.18,2.34,3.05,2.6,3,2.85,2.66,2.82,3.3,2.58,3.1,2.88,2.48,2.75,3.35,2.57,2.87,2.82,2.6,3.06,2.89,2.43,2.7,3.25,2.6,3,2.8,2.4,2.7,3.25,2.43,2.7,3.25,2.24,2.93,3.83,2.08,2.69,3.47,2.24,2.93,3.83,2.65,2.95,2.9,2.4,2.88,3.25,2.7,3,2.9,2.62,3.05,2.95,2.57,2.87,2.82,2.57,2.77,3.25,2.65,3.1,2.9,2.45,2.9,2.7,2.48,2.75,2.7,0,0,0,0,0,0,2.43,2.85,3.25,2.55,2.95,2.87,2.5,2.72,3.15,2.5,2.36,3.2,2.55,2.8,2.75,2.32,2.87,3.45,2.5,2.88,2.75,2.46,2.74,3.55,2.6,3,2.85,2.6,3.05,2.85,2.55,2.9,2.75,2.6,3,2.85,2.4,2.8,3.2,2.4,2.8,3.2,2.4,2.8,3.2,2.55,2.95,2.8,2.55,2.95,2.8,2.55,2.95,2.8,2.55,2.95,2.8,2.3,2.75,3.3,2.15,2.5,3,2.3,2.75,3.3,2.3,2.8,3.3,2.35,2.9,3.35,2.52,3,2.87,2.45,2.8,3.2,2.5,2.9,3.3,2.4,2.8,3.15,2.46,2.85,2.75,2.39,2.85,3.2,2.45,2.85,3.2,2.45,2.85,3.2,2.4,2.85,3.2,2.55,3,2.9,2.65,3,2.95,2.3,2.8,3.45,2.35,2.6,3.15,2.63,3.1,2.9,2.61,3.05,2.88,2.6,3.1,2.9,2.12,2.74,3.55,2.3,2.75,3.3,2.45,2.75,3.15,2.6,3,2.8,2.37,2.63,2.59,2.36,2.65,2.93,2.55,3,2.8,2.55,3,2.8,2.45,2.6,3,2.35,2.75,2.55,2.54,2.83,3.14,2.4,2.7,3.25,2.7,3,2.9,2.56,3.06,2.84,2.55,2.8,2.75,2.55,3,2.8,2.35,2.65,3,2.43,2.7,3.25,2.57,2.98,2.89,2.35,2.72,3.05,2.4,2.7,3.25,2.4,2.7,3.25,2.3,2.9,3.4,2.4,2.7,3.25,2.5,2.8,2.75,2.49,2.8,2.8,2.62,2.9,2.87,2.15,2.75,3.2,2.3,2.75,3.3,2.35,2.7,3.25,2.3,2.8,3.47,2.35,2.6,2.55,2.2,2.88,3.5,2.6,3.1,2.9,2.7,3,2.9,2.7,3,2.9,2.6,2.9,2.9,2.41,2.83,3.2,2.44,2.85,3.25,2.4,2.75,3.2,2.45,2.8,3.2,2.5,2.95,2.75,2.5,2.8,2.7,2.4,2.8,3,2.39,2.8,3.15,2.67,3,2.95,2.6,2.9,3.1,2.3,2.65,3,2.4,2.8,3,2.27,2.97,3.89,2.43,2.73,3.12,2.43,2.73,3.12,2.63,3.1,2.95,2.55,2.55,3.3,2.42,2.9,3.25,2.6,2.65,3.26,2.6,3,2.85,2.62,2.93,2.88,2.43,2.66,3.55,2.7,3,2.9,2.43,2.7,3.25,2.12,2.74,3.55,2.27,2.97,3.89,2.48,2.78,3.15,2.58,3.1,2.88,2.4,2.7,2.7,2.45,2.7,2.7,2.55,2.9,2.85,2.56,2.98,2.88,2.2,2.67,3,0,0,0,2.44,2.81,3.15,0,0,0
2,2,3.2,4,2,3.25,3.8,1.95,2.9,3.9,2,3,3.75,2.05,3,3.9,2.04,3.2,3.7,2.05,3,3.95,1.96,3.05,3.95,2.03,3.15,3.7,2.05,3.1,4.1,1.98,3.1,3.6,2,3,4,2.08,3.1,3.6,2,3,4,2.05,3.2,3.75,1.9,2.95,3.5,2.04,3.13,4.32,2,3.1,3.9,2.05,3.15,3.8,2.03,3,3.5,2.05,3.1,3.6,2.08,3.1,3.6,2.1,3.1,3.1,2.03,3.15,3.7,2.14,2.72,3.4,1.93,3.02,3.67,1.99,3.05,3.85,2.05,3.2,3.75,2.22,3.1,4.1,2.04,3.24,3.86,2.04,3.05,4.1,2,3,3.85,2.09,3.2,3.81,2,3,4,2.05,3,3.8,1.97,2.95,3.95,2,3,4,2.09,3.19,3.87,1.96,2.91,3.51,2.09,3.19,3.87,2.05,3.2,3.9,2.05,3.1,3.75,2.05,3.1,4.1,2.02,3.2,4.1,2,3,3.85,2.02,3.1,4.15,2.07,3.2,3.9,1.95,3,3.6,1.93,2.95,3.55,2.01,3.15,4.1,1.96,2.92,3.75,2.05,3.15,3.8,1.98,3.1,3.95,1.99,3.05,3.85,1.97,2.6,3.85,1.95,3,3.8,2.07,3.15,3.7,2,3,3.75,2,2.96,4.5,2.05,3.2,3.75,2.09,3.2,3.75,2,3,3.75,2.05,3.2,3.75,2.05,3,3.8,2.05,3.1,3.6,2.05,3.1,3.6,2.05,3.05,3.8,2.05,3.05,3.8,2.05,3.05,3.8,2.05,3.05,3.8,1.98,3.1,3.6,1.88,2.8,3.2,1.98,3.1,3.6,2,3.1,3.81,2.07,3.1,3.75,1.99,3.05,4,2.03,3.15,3.7,2.1,3.15,3.9,2,3.15,3.6,1.92,2.95,3.8,2.03,3.15,3.7,2,3.15,4,2,3.15,4,2,3.15,3.75,1.99,3.15,4,2.05,3.25,3.9,0,0,0,1.95,2.9,3.85,2.05,3.25,3.95,2.06,3.25,3.85,2.05,3.25,3.9,1.98,2.97,3.58,2,3.1,3.5,1.98,3.1,3.85,2,3.2,3.8,1.86,2.82,3.35,1.94,2.85,3.57,2.01,3.15,3.75,2.01,3.15,3.75,1.95,2.9,3.85,1.87,2.85,3.4,2.12,3,3.75,2,3,4,2.05,3.1,4.1,2.03,3.2,3.78,1.98,3.05,3.6,2,3.1,3.75,1.95,2.85,3.55,2,3,4,1.99,3.13,4.02,1.98,3,3.6,2.1,2.95,3.55,2.1,2.95,3.55,2.05,3.2,3.7,2,3,4,1.95,3,3.8,1.95,2.95,3.9,2.05,3.15,3.75,1.97,2.95,3.45,2,3.1,3.5,1.95,2.9,4,2,3.1,3.88,1.8,2.75,3.5,2,3,3.9,2.05,3.25,3.9,2.05,3.1,4.1,2.05,3.1,4.1,2.05,3.15,3.75,2.02,3.15,3.75,2.04,3.15,3.8,1.95,3.1,3.9,2,3.1,3.9,1.98,3.1,3.7,1.95,2.9,3.75,1.95,3.1,3.8,2.05,3.1,3.55,2.05,3.25,3.9,2.1,2.95,4.3,1.91,2.95,3.5,2,3.1,3.5,2.12,3.23,3.93,1.99,3.15,3.59,1.99,3.15,3.59,2.1,3.2,3.95,2.05,2.95,3.8,2.02,3.2,3.85,2.06,3,4.11,2.05,3.2,3.8,2.03,3.18,3.81,2.13,2.74,4,2.05,3.1,4.1,2,3,4,1.98,2.97,3.58,2.12,3.23,3.93,2.02,3.2,3.65,2.06,3.24,3.85,1.92,2.95,3.5,1.92,2.95,3.5,1.96,3.05,3.95,2.06,3.05,3.9,1.83,2.97,3.55,2.17,2.85,3.95,2.1,3.05,3.55,0,0,0
2,1.7,3.4,5.5,1.65,3.5,5.5,1.53,3.3,6.5,1.6,3.3,5.8,1.7,3.3,5.25,1.73,3.4,5,1.6,3.35,6.75,1.56,3.4,6.4,1.68,3.35,5.4,1.62,3.5,6.75,1.6,3.4,5.75,1.57,3.4,6.5,1.66,3.4,5.4,1.65,3.35,5.5,1.66,3.5,5.5,1.6,3.1,4.75,1.67,3.58,6.05,1.65,3.4,5.5,1.7,3.4,5.35,1.67,3.3,4.75,1.66,3.4,5.25,1.66,3.4,5.4,1.7,3.35,4.3,1.68,3.35,5.4,1.6,3.3,5,1.52,3.41,5.9,1.71,3.5,6,1.66,3.5,5.5,1.94,3.35,5,1.62,3.62,6.15,1.73,3.3,5.5,1.56,3.45,6.15,1.69,3.54,5.6,1.65,3.35,5.5,1.67,3.4,5.5,1.63,3.3,5.5,1.68,3.2,5.4,1.73,3.5,5.4,1.63,3.15,4.8,1.73,3.5,5.4,1.65,3.6,6,1.7,3.4,5.25,1.62,3.5,6.75,1.6,3.6,6.9,1.56,3.45,6.15,1.78,3.45,4.7,1.65,3.6,6,1.63,3.25,5.05,1.55,3.25,5.4,1.55,3.7,7,1.57,3.22,5.75,1.7,3.4,5.25,1.57,3.45,6.6,1.71,3.5,6,1.7,3.45,5.6,1.55,3.4,6,1.75,3.35,4.95,1.62,3.25,5.5,1.94,3.1,4.5,1.66,3.5,5.5,1.72,3.45,5.4,1.67,3.33,5,1.6,3.4,6.5,1.67,3.4,5.25,1.73,3.3,5,1.73,3.3,5,1.63,3.4,6,1.63,3.4,6,1.63,3.4,6,1.63,3.4,6,1.6,3.4,5.75,1.57,3,4.4,1.6,3.4,5.75,1.69,3.35,5.41,1.65,3.45,5.6,1.57,3.45,6.5,1.71,3.45,4.85,0,0,0,1.64,3.45,5,1.53,3.3,6.2,1.68,3.35,5.4,1.7,3.4,5.4,1.7,3.4,5.4,1.7,3.4,5.25,1.58,3.5,6.6,1.64,3.6,6.2,0,0,0,1.6,3.15,5.5,1.62,3.65,6.5,1.68,3.55,5.7,1.65,3.6,6,1.65,3.23,4.9,1.65,3.4,5,1.64,3.35,5.45,1.6,3.4,5.5,1.51,3.06,5.04,1.78,3.02,3.99,1.67,3.4,5.4,1.67,3.4,5.4,1.6,3.2,5.5,1.54,3.05,4.85,1.71,3.4,5,1.65,3.35,5.5,1.62,3.5,6.75,1.61,3.58,5.9,1.59,3.35,5.4,1.66,3.35,5.2,1.8,3,4.05,1.65,3.35,5.5,1.58,3.49,6.67,1.62,3.25,5.1,1.9,3.1,4,1.9,3.1,4,1.7,3.4,5.2,1.65,3.35,5.5,1.57,3.4,6,1.55,3.3,6.4,1.64,3.45,5.85,1.64,3.2,4.85,1.65,3.4,5,1.85,3.1,4.05,1.65,3.35,5.7,1.44,3.15,5.6,1.65,3.4,5.5,1.65,3.6,6.1,1.62,3.5,6.75,1.62,3.5,6.75,1.61,3.5,6,1.69,3.4,5.2,1.71,3.4,5.25,1.62,3.3,5.5,1.67,3.4,5.25,1.62,3.35,5.4,1.53,3.3,6,1.68,3.25,5,1.69,3.3,5,1.65,3.6,6.1,1.93,3.2,4.6,1.62,3.1,4.85,1.7,3.4,4.4,1.75,3.56,5.5,1.66,3.55,5.2,1.66,3.55,5.2,1.66,3.6,6.2,1.6,3.5,5.7,1.7,3.5,5.25,1.69,3.4,5.65,1.65,3.5,5.75,1.62,3.52,5.95,1.87,3.2,4.5,1.62,3.5,6.75,1.68,3.2,5.4,1.65,3.23,4.9,1.75,3.56,5.5,1.66,3.55,5.2,1.64,3.62,6,1.54,3.2,5.3,1.54,3.2,5.3,1.6,3.35,6,1.64,3.4,6.1,1.48,3.3,5.4,1.88,3.2,4.3,1.71,3.45,4.85,0,0,0
0,1.67,3.4,6,1.7,3.4,5.5,1.6,3.25,5.75,1.65,3.25,5.4,1.67,3.25,5.75,1.66,3.5,5.3,1.6,3.4,6.25,1.61,3.35,5.8,1.68,3.4,5.3,1.65,3.5,6.25,1.68,3.3,5,1.61,3.3,6,1.69,3.4,5.1,1.5,3.7,6.4,1.7,3.4,5.5,1.45,3.4,5.75,1.6,3.66,6.94,1.55,3.7,6.25,1.71,3.4,5.2,1.61,3.4,5.05,1.55,3.7,5.75,1.69,3.4,5.1,1.71,3.35,4.2,1.68,3.4,5.3,0,0,0,1.58,3.31,5.3,1.58,3.8,7,1.7,3.4,5.5,1.78,3.85,5.2,1.68,3.52,5.6,1.68,3.55,5.4,1.61,3.4,5.75,1.74,3.48,5.2,1.5,3.7,6.4,1.67,3.4,5.5,1.49,3.7,6.4,1.64,3.45,5.3,1.73,3.5,5.4,1.63,3.15,4.8,1.73,3.5,5.4,1.7,3.5,5.6,1.7,3.4,5.25,1.65,3.5,6.25,1.65,3.5,6.2,1.61,3.4,5.75,1.68,3.4,6.2,1.71,3.6,5.5,1.64,3.25,4.9,1.6,3.2,5,1.6,3.6,6.4,1.58,3.22,5.65,1.55,3.75,6.5,1.62,3.4,6,1.58,3.8,7,1.65,3,5.3,1.6,3.3,5.5,1.7,3.45,5.25,1.62,3.2,5.5,1.74,3.65,4.9,1.7,3.4,5.5,1.68,3.5,5.6,1.67,3.33,5,1.7,3.4,5.5,1.65,3.5,5.25,1.67,3.4,5.25,1.67,3.4,5.25,1.67,3.35,5.6,1.67,3.35,5.6,1.67,3.35,5.6,1.67,3.35,5.6,1.66,3.4,5,1.47,3.25,4.8,1.66,3.4,5,1.53,3.8,6.32,1.7,3.4,5.3,1.62,3.35,6,1.54,3.65,6.6,1.72,3.45,5.5,1.62,3.6,5,1.58,3.2,5.6,1.68,3.4,5.3,1.55,3.8,6.2,1.55,3.8,6.2,1.53,3.7,6.5,1.63,3.4,6,1.69,3.55,5.6,0,0,0,1.6,3.3,5.25,1.69,3.55,5.8,1.72,3.5,5.3,1.68,3.55,5.7,1.65,3.23,4.9,1.55,3.6,5.75,1.51,3.65,6.4,1.65,3.4,5,1.55,3.01,4.7,1.62,3.39,4.3,1.68,3.4,5.2,1.68,3.4,5.2,1.5,3.5,6,1.58,3.05,4.55,1.57,3.8,6,1.5,3.7,6.4,1.65,3.5,6.25,1.67,3.48,5.45,1.64,3.3,5,1.67,3.35,5.2,1.65,3.35,4.2,1.5,3.7,6.4,1.63,3.42,6.07,1.48,3.55,6.2,1.7,3.55,4.4,1.7,3.55,4.4,1.55,3.7,6.5,1.5,3.7,6.4,1.6,3.3,5.5,1.6,3.25,5.8,1.68,3.45,5.35,1.49,3.45,5.9,1.55,3.6,5.75,1.69,3.45,4.35,1.55,3.75,5.95,1.48,3.05,5.3,1.5,3.6,6.5,1.68,3.55,5.7,1.65,3.5,6.25,1.65,3.5,6.25,1.67,3.4,5.5,1.53,3.7,6.4,1.55,3.7,6.5,1.5,3.7,6.5,1.55,3.75,6,1.67,3.35,5.1,1.57,3.25,5.5,1.55,3.6,5.5,1.52,3.65,6.2,1.7,3.5,5.6,1.75,3.6,5.1,1.45,3.35,5.8,1.7,3.4,4.4,1.75,3.56,5.5,1.54,3.9,5.9,1.54,3.9,5.9,1.72,3.5,5.7,1.52,3.8,6,1.54,3.8,6.75,1.58,3.66,6.38,1.7,3.45,5.25,1.67,3.45,5.51,1.69,3.65,4.9,1.65,3.5,6.25,1.64,3.45,5.3,1.65,3.23,4.9,1.75,3.56,5.5,1.53,3.85,5.9,1.7,3.52,5.5,1.56,3.15,5.4,1.58,3.15,5,1.65,3.3,5.6,1.7,3.3,5.6,1.53,3.25,4.9,1.73,3.65,4.6,1.54,3.65,6.6,0,0,0
0,2.3,3,3.3,2.3,3.1,3.2,2.25,2.8,3.1,2.36,2.8,3.15,2.38,2.9,3.25,2.31,3.1,3.2,2.35,2.9,3.15,2.31,2.95,3.1,2.3,3,3.25,2.45,3,3.25,2.3,2.95,3.1,2.3,2.9,3.2,2.33,3.1,3.05,2.43,2.9,3.05,2.3,3.1,3.2,2.2,2.85,2.9,2.38,3.05,3.45,2.3,2.95,3.2,2.36,3.05,3.15,2.28,2.95,3,2.3,2.95,3.1,2.33,3.1,3.05,2.39,2.98,2.73,2.3,3,3.25,2.24,2.78,3.1,2.24,2.94,2.98,2.46,2.78,3.15,2.3,3.1,3.2,2.62,2.84,3,2.36,3.14,3.18,2.48,2.95,3.1,2.35,2.9,3.15,2.38,3.14,3.18,2.43,2.9,3.05,2.38,2.88,3.2,2.4,2.85,3,2.43,2.9,3.05,2.39,3.06,3.27,2.22,2.81,2.99,2.39,3.06,3.27,2.4,2.95,3.2,2.35,3,3.2,2.45,3,3.25,2.42,3.05,3.25,2.35,2.9,3.15,2.38,3,3.2,2.4,3.1,3.2,2.25,2.95,3,2.25,2.75,3,2.37,3.05,3.2,2.3,2.81,3.03,2.33,3,3.25,2.33,2.99,3.15,2.46,2.78,3.15,2.38,2.7,3.05,2.3,2.88,3,2.33,3,3.25,2.3,2.88,3.1,2.24,2.96,3.7,2.3,3.1,3.2,2.36,3.1,3.2,2.29,3,3,2.35,3,3.2,2.25,3.1,3.1,2.25,3.1,3.1,2.25,3.1,3.1,2.35,2.95,3.15,2.35,2.95,3.15,2.35,2.95,3.15,2.35,2.95,3.15,2.3,2.95,3.1,2.1,2.65,2.8,2.3,2.95,3.1,2.3,3,3.06,2.32,3.05,3.25,2.32,2.97,3.2,2.27,2.99,3.3,0,0,0,2.35,3,3,2.26,2.9,3.05,2.3,3,3.25,2.35,3.05,3.15,2.35,3.05,3.15,2.3,3,3.2,2.35,3,3.2,2.45,3,3.25,0,0,0,2.3,2.8,3,2.39,3.15,3.2,2.38,3.15,3.2,2.35,3.15,3.2,2.26,2.86,3.05,2.3,2.95,3.1,2.3,2.9,3.15,2.3,3,3.2,2.18,2.64,2.85,2.23,2.79,2.96,2.32,3.05,3.1,2.32,3.05,3.1,2.3,2.8,3,2.15,2.75,2.85,2.5,3,3,2.4,2.9,3.05,2.45,3,3.25,2.34,3.1,3.14,2.33,2.8,3.05,2.29,2.95,3.15,2.25,2.8,2.95,2.43,2.9,3.05,2.35,3.02,3.19,2.27,2.87,3,2.5,2.95,2.8,2.5,2.95,2.8,2.3,3,3.2,2.4,2.9,3.05,2.3,2.88,3,2.29,2.85,3.1,2.42,2.95,3.15,2.2,2.8,3,2.3,2.95,3.1,2.4,2.85,2.9,2.33,2.95,3.2,2.15,2.65,2.8,2.38,2.88,3.1,2.35,3.15,3.2,2.45,3,3.25,2.45,3,3.25,2.4,2.9,3.15,2.31,2.99,3.2,2.33,3,3.25,2.3,2.9,3.2,2.3,2.9,3.1,2.25,2.95,3.15,2.3,2.8,3,2.3,2.9,3.1,2.29,2.95,3.15,2.45,3,3.25,2.57,3,3.05,2.2,2.85,2.9,2.3,3,2.9,2.42,3.11,3.32,2.32,2.93,3.06,2.32,2.93,3.06,2.42,3.1,3.25,2.35,2.8,3.3,2.31,3.05,3.25,2.38,2.84,3.23,2.35,3,3.25,2.4,2.94,3.19,2.49,2.88,3,2.45,3,3.25,2.43,2.9,3.05,2.26,2.86,3.05,2.42,3.11,3.32,2.36,2.98,3.1,2.38,3.14,3.17,2.25,2.75,2.95,2.25,2.75,2.95,2.31,2.95,3.1,2.4,2.93,3.2,2.1,2.87,2.92,2.5,2.95,3,2.34,2.98,3.15,0,0,0
0,3.4,3,2.3,3.5,3.1,2.15,3.75,2.87,2,3.8,2.9,2.04,3.6,2.9,2.2,3.1,3,2.35,3.85,2.9,2.1,3.8,3,2.04,3.25,3,2.27,3.4,3.05,2.35,3.4,3,2.1,3.9,3,2.05,3.05,3.05,2.35,3.15,2.9,2.38,3.25,3.1,2.3,2.95,2.75,2.25,3.36,3.01,2.44,3.2,2.95,2.35,3.9,3,2.09,2.97,2.92,2.31,3.1,2.95,2.35,3.2,3.05,2.26,2.96,3,2.22,3.25,3,2.27,0,0,0,3.56,2.98,1.98,3.15,2.78,2.44,3.25,3.1,2.3,3.1,2.82,2.32,3.24,3.13,2.33,3.2,2.95,2.43,3.15,2.95,2.3,3.4,3.1,2.29,3.15,2.9,2.38,3.4,2.88,2.25,3.1,2.85,2.35,3.15,2.9,2.38,3.15,3.15,2.41,2.88,2.88,2.24,3.15,3.15,2.41,3.9,3.1,2.1,3.4,3,2.3,3.4,3.05,2.35,3.95,3.1,2.1,3.8,2.97,2.04,3.35,3,2.35,3.2,3,2.5,3.25,2.85,1.96,3.25,2.85,1.96,3.9,3.05,2.09,3.18,2.95,2.24,3.2,2.97,2.38,0,0,0,3.15,2.78,2.44,3.2,2.78,2.42,3,2.88,2.3,3.2,2.97,2.38,3.3,2.88,2.2,3.15,3.05,2.31,3.25,3.1,2.3,3.2,3,2.41,3.1,2.9,2.36,3.1,3,2.4,3.1,3.1,2.25,3.1,3.1,2.25,3.1,3.1,2.25,3.2,2.85,2.4,3.2,2.85,2.4,3.2,2.85,2.4,3.2,2.85,2.4,3.4,3,2.1,2.75,2.65,2.15,3.4,3,2.1,3.18,2.9,2.35,3.2,3,2.35,3.85,3,2.05,3.1,2.99,2.36,3.45,3.05,2.3,3,3,2.35,3.65,2.9,1.99,3.25,3,2.27,3.1,3.05,2.4,3.1,3.05,2.4,3.15,2.95,2.35,3.9,3.05,2.07,3.95,3.1,2.1,0,0,0,3.15,2.8,2.25,4.05,3.1,2.09,3.25,3,2.43,3.25,3.05,2.4,2.94,2.94,2.28,3.1,2.95,2.3,3.15,2.9,2.35,3.2,2.9,2.4,3.41,2.71,1.9,3.02,2.8,2.19,3.85,3,2.05,3.85,3,2.05,3.05,2.8,2.3,2.85,2.65,2.19,3.14,3,2.36,3.15,2.9,2.38,3.4,3.05,2.35,0,0,0,3.65,2.9,2.02,3.15,2.9,2.35,3,2.8,2.2,3.15,2.9,2.38,3.88,3.04,2.07,3,2.87,2.27,3,3,2.3,3,3,2.3,3.2,3,2.4,3.15,2.9,2.38,3,2.88,2.3,3.75,2.85,2.02,3.8,3.05,2.08,3,2.75,2.25,3.1,2.95,2.3,3.1,2.9,2.25,3.22,2.95,2.32,2.8,2.65,2.15,3.1,2.9,2.38,3.35,3.05,2.35,3.4,3.05,2.35,3.4,3.05,2.35,3.15,2.9,2.4,3.15,2.93,2.37,3.2,2.95,2.39,3.2,2.9,2.3,3,3,2.3,3.15,2.95,2.3,3,2.8,2.3,3,2.9,2.3,3.1,2.95,2.35,3.95,3.05,2.12,3.45,3,2.32,3,2.8,2.2,2.8,3,2.4,3.19,3.19,2.45,3.07,2.91,2.33,3.07,2.91,2.33,3.3,3.05,2.43,3.3,2.85,2.3,3.25,3,2.38,3.22,2.81,2.4,3.2,2.95,2.4,3.88,3.04,2.07,3.15,2.96,2.36,3.4,3.05,2.35,3.15,2.9,2.38,2.94,2.94,2.28,3.19,3.19,2.45,3.1,2.96,2.36,0,0,0,3.55,2.8,1.96,3.55,2.8,1.96,3.8,3,2.04,3.9,3.05,2.08,3,2.8,2.1,3.2,3,2.35,0,0,0,0,0,0
2,3.2,3.1,2.3,3.2,3.1,2.3,3.1,2.87,2.25,3.1,2.95,2.28,3.25,3,2.3,3.1,3.1,2.31,3.15,2.95,2.35,3.1,3,2.3,3.2,3.05,2.29,3.2,3.05,2.45,0,0,0,3.25,3,2.25,3.05,3.15,2.31,3.25,3,2.23,3.2,3.1,2.3,3,2.85,2.1,3.23,3.11,2.49,3.35,3.05,2.2,3.15,3.05,2.35,3.01,3.11,2.18,3.2,3.1,2.2,3.05,3.15,2.31,2.74,3,2.36,3.2,3.05,2.29,3.25,3,2.05,2.95,2.99,2.23,3.6,3.1,2.3,3.2,3.1,2.3,3.5,3.1,2.18,3.2,3.16,2.34,3.35,3.05,2.28,3.25,3.05,2.22,3.19,3.16,2.36,3.25,3,2.23,3.2,3,2.3,3.25,2.95,2.2,3.25,3,2.23,3.19,3.19,2.36,2.93,2.93,2.19,3.19,3.19,2.36,3.2,3.1,2.35,3.1,3.1,2.3,3.2,3.05,2.45,3.2,3.15,2.37,3.25,3.05,2.22,3.5,3.1,2.23,3.2,3.2,2.37,3,2.95,2.22,2.95,2.9,2.2,3.2,3.1,2.35,3,2.93,2.24,3.3,3.1,2.25,3.15,3.05,2.32,3.6,3.1,2.3,3.4,3.1,2.38,3,2.9,2.3,3.15,3.1,2.33,3,3,2.3,3.1,3.3,2.2,3.2,3.1,2.3,3.2,3.15,2.34,3.2,3.1,2.2,3.3,3.2,2.2,3.1,3.1,2.25,3.1,3.1,2.25,3.1,3.1,2.25,3.15,3,2.3,3.15,3,2.3,3.15,3,2.3,3.15,3,2.3,3.1,3,2.25,2.87,2.8,2,3.1,3,2.25,3.25,3,2.25,3.15,3.05,2.35,3.15,3,2.32,3.15,3.15,2.26,3.15,3.15,2.4,3.25,3,2.2,3,2.95,2.24,3.3,3.05,2.25,3.3,3.2,2.2,3.3,3.2,2.2,3.25,3.05,2.25,3.15,3.1,2.34,3.2,3.15,2.35,0,0,0,3.3,2.85,2.15,3.2,3.15,2.37,3.35,3.15,2.3,3.2,3.2,2.35,2.98,2.98,2.23,3.2,3.1,2.15,3.35,3,2.2,3.2,3,2.3,2.81,2.77,2.11,3.12,2.94,2.07,3.1,3.05,2.31,3.1,3.05,2.31,3.3,2.85,2.15,2.85,2.8,2.12,3.33,3.14,2.22,3.25,3,2.2,3.2,3.05,2.45,3.15,3.14,2.32,3,2.95,2.25,3.25,3.05,2.22,3.1,2.95,2.1,3.25,3,2.23,3.16,3.08,2.34,3.15,2.97,2.17,3.2,3.2,2.1,3.2,3.2,2.1,3.3,3.1,2.25,3.25,3,2.2,3,2.9,2.3,3.05,2.9,2.28,3.1,3.1,2.32,3.1,2.9,2.15,3.2,3.1,2.15,3.2,3,2.15,3.37,3,2.22,2.8,2.7,2.1,3.3,3,2.2,3.2,3.2,2.35,3.2,3.05,2.45,3.25,3.05,2.4,3.15,3.15,2.3,3.25,3.05,2.24,3.3,3.05,2.26,3.25,3,2.2,3.3,3.1,2.1,3.2,3,2.2,3,2.88,2.25,3.2,3.1,2.15,3.25,3.05,2.22,3.2,3.2,2.35,3.4,3.1,2.32,3,2.85,2.15,2.8,3.1,2.3,3.25,3.25,2.39,3.28,3.05,2.15,3.28,3.05,2.15,3.25,3.15,2.4,3.5,2.95,2.15,3.35,3.15,2.24,3.39,2.95,2.23,3.3,3.1,2.25,3.16,3.11,2.32,3.5,3.05,2.13,3.2,3.05,2.45,3.25,3,2.23,2.98,2.98,2.23,3.25,3.25,2.39,3.35,3.1,2.18,3.19,3.16,2.36,2.9,2.9,2.15,2.9,2.9,2.15,3.1,3,2.3,3.1,3.05,2.36,2.95,2.9,2.1,3.4,3.15,2.17,0,0,0,0,0,0
0,2.5,3,3,2.6,3,2.9,2.2,2.87,3.2,2.24,2.9,3.2,2.5,2.9,3,2.44,3.1,2.9,2.3,2.95,3.25,2.24,3,3.2,2.41,3,3.05,2.4,3.05,3.3,2.45,3,2.8,2.25,3,3.25,2.44,3.1,2.88,2.5,2.9,2.9,2.4,3,3.1,2.15,2.9,2.95,2.73,2.96,2.99,2.4,2.9,3,2.48,2.95,3.05,2.38,2.98,2.81,2.45,3,2.85,2.44,3.1,2.88,2.49,2.98,2.61,2.41,3,3.05,2.28,2.76,3.05,2.17,3,3.04,2.62,3,3.15,2.4,3,3.1,2.36,2.74,3.1,2.31,3.16,3.24,2.55,2.95,2.95,2.42,2.95,2.97,2.55,3.02,3.02,2.5,2.9,2.9,2.5,2.88,3,2.5,2.88,2.88,2.5,2.9,2.9,2.7,2.93,2.96,2.42,2.7,2.81,2.7,2.93,2.96,2.3,3.1,3.3,2.45,3,3,2.4,3.05,3.3,2.35,3.1,3.35,2.24,3,3.2,2.53,2.95,3.1,2.35,3.1,3.3,2.35,2.85,2.88,2.15,2.88,3.05,2.29,3.1,3.3,2.22,2.86,3.13,2.47,3,3.05,2.26,3.05,3.25,2.62,3,3.15,2.62,3,3.15,2.2,2.9,3.1,2.47,3,3.05,2.5,2.8,2.88,2.54,2.9,3.2,2.4,3,3.1,2.48,3.05,3.05,2.38,2.9,3,2.25,3.1,3.3,2.5,2.9,2.9,2.5,2.9,2.9,2.5,2.9,2.9,2.3,2.95,3.3,2.3,2.95,3.3,2.3,2.95,3.3,2.3,2.95,3.3,2.45,3,2.8,2.25,2.7,2.55,2.45,3,2.8,2.5,2.95,2.81,2.52,2.97,2.97,2.25,3.05,3.25,2.39,2.99,3.1,2.35,3.15,3.25,2.45,2.95,2.9,2.19,2.95,3.1,2.39,2.99,3.1,2.4,3.05,3.1,2.4,3.05,3.1,2.45,2.95,3,2.28,3.05,3.3,2.3,3.15,3.35,2.45,2.9,3,2.45,2.75,2.9,2.29,3.15,3.4,2.31,3.15,3.25,2.3,3.15,3.3,2.54,2.74,2.77,2.45,3,2.8,2.45,2.9,3,2.3,3,3.2,2.07,2.74,2.91,2.26,2.81,2.89,2.44,2.95,3,2.44,2.95,3,2.45,2.8,2.85,2.1,2.8,2.9,2.4,3,3.14,2.5,2.9,2.9,2.4,3.05,3.3,2.29,3.14,3.18,2.21,2.95,3.1,2.42,2.95,2.95,2.3,2.8,2.9,2.5,2.9,2.9,2.28,3.07,3.28,2.42,2.85,2.85,2.3,2.95,3.05,2.3,2.95,3.05,2.45,3,3,2.5,2.9,2.9,2.2,2.9,3.1,2.21,2.9,3.2,2.3,3.05,3.25,2.3,2.8,2.85,2.45,3,2.8,2.35,2.9,2.95,2.45,2.9,3.05,2.05,2.7,2.9,2.45,2.88,3,2.3,3.15,3.3,2.4,3.05,3.3,2.4,3.05,3.3,2.3,3,3.25,2.44,2.97,3,2.44,2.95,3,2.45,2.9,2.9,2.4,2.9,2.9,2.25,3,3.1,2.2,2.88,3.1,2.3,3,3,2.42,2.95,2.95,2.35,3.1,3.35,2.55,3,3.1,2.4,2.75,2.75,2.4,3,2.8,2.74,2.97,3,2.45,2.94,2.86,2.45,2.94,2.86,2.36,3.15,3.35,2.5,2.85,2.95,2.44,3.05,3.05,2.55,2.74,3.06,2.3,3.1,3.2,2.28,3.07,3.28,2.4,2.88,3.15,2.4,3.05,3.3,2.5,2.9,2.9,2.46,2.75,2.86,2.74,2.97,3,2.48,3,2.9,2.26,3,3.24,2.15,2.85,3.05,2.15,2.85,3.05,2.24,3,3.2,2.32,3,3.25,2.07,2.9,3,2.42,3,3.05,2.46,2.94,3,0,0,0
0,3.4,3,2.3,3.2,3,2.38,2.75,2.8,2.5,3.35,2.85,2.2,3.13,2.9,2.4,3.1,2.9,2.4,3.05,3,2.4,3,3.05,2.31,3.45,3,2.19,3.05,3.1,2.5,2.9,2.95,2.4,2.8,2.9,2.55,3.25,2.95,2.31,2.9,3,2.48,2.85,3.1,2.55,3.1,2.8,2.1,3.27,3.04,2.47,2.9,2.95,2.5,3,3,2.5,2.72,2.95,2.47,2.8,2.95,2.5,3.25,2.95,2.31,2.91,2.99,2.26,3.45,3,2.19,2.76,2.78,2.46,3.06,2.92,2.21,3,3,2.7,2.85,3.1,2.55,2.94,2.86,2.68,3.24,3.08,2.36,2.95,3.05,2.5,3.35,2.97,2.2,2.93,3.1,2.54,2.9,3,2.48,2.88,3,2.5,2.85,2.95,2.43,2.9,3,2.48,3.35,3.04,2.37,3.06,2.79,2.2,3.35,3.04,2.37,3.5,3.1,2.25,3.4,3,2.3,3.15,3.1,2.45,3.35,3.05,2.35,3.35,2.97,2.2,2.9,3,2.64,3,3.1,2.55,2.82,2.88,2.38,3.25,2.88,2.15,3.1,3.15,2.37,2.99,2.93,2.25,2.97,3,2.48,3.05,3.1,2.33,3,3,2.7,3,3,2.7,3,3,2.3,2.97,3,2.48,2.8,3,2.4,2.94,2.88,2.72,2.85,3.1,2.55,3,3.05,2.5,3.33,2.9,2.2,3.2,3,2.35,2.8,3,2.5,3.2,3,2.25,3.2,3,2.25,2.95,2.9,2.5,2.95,2.9,2.5,2.95,2.9,2.5,3.05,2.9,2.45,2.8,2.95,2.5,2.55,2.65,2.3,2.8,2.95,2.5,0,0,0,2.92,3.05,2.5,3.05,3.05,2.35,3.45,3,2.19,3.15,3.15,2.4,2.85,2.95,2.5,2.95,3,2.26,2.93,3,2.46,2.85,3.05,2.55,2.85,3.05,2.55,2.95,3,2.45,3.1,3.15,2.35,3.3,3.15,2.35,0,0,0,2.85,2.9,2.35,3.4,3.1,2.29,3.45,3.05,2.27,2.95,3,2.6,3.12,2.84,2.24,2.8,2.95,2.5,2.85,2.95,2.5,3.4,3,2.2,3.03,2.71,2.04,2.75,2.8,2.37,2.95,3,2.47,2.95,3,2.47,2.75,2.8,2.5,2.9,2.75,2.11,2.9,3,2.57,2.9,3,2.45,3.15,3.1,2.45,3.2,3.02,2.36,3.25,2.9,2.18,3.35,2.95,2.2,2.75,2.8,2.4,2.9,3,2.48,3.08,3.13,2.35,2.8,2.87,2.42,2.8,2.95,2.5,2.8,2.95,2.5,3,3,2.5,2.9,3,2.45,3,3,2.3,3,2.95,2.28,3.37,3,2.25,2.8,2.85,2.35,2.8,2.95,2.5,2.85,2.85,2.45,2.93,3.05,2.43,2.8,2.75,2.1,2.88,3,2.45,3.1,3.1,2.45,3.15,3.1,2.45,3.15,3.1,2.45,3.4,3,2.25,2.94,2.99,2.47,2.95,3,2.47,2.85,2.9,2.5,3.25,2.9,2.2,2.85,2.9,2.45,3,2.9,2.25,2.8,3,2.4,2.9,2.95,2.45,3.25,3.2,2.35,2.95,3,2.65,3.15,2.8,2.1,2.9,3,2.3,3.4,3.08,2.4,2.82,2.95,2.5,2.83,2.9,2.5,3.25,3.1,2.42,3.4,2.75,2.35,3,3.05,2.47,3.43,2.83,2.29,3.4,3,2.25,3.42,3.03,2.24,2.87,2.83,2.63,3.15,3.1,2.45,2.9,3,2.48,3.12,2.84,2.24,3.4,3.08,2.4,2.88,2.96,2.54,3.25,3.08,2.38,3.15,2.8,2.1,3.15,2.8,2.1,3.05,3.1,2.33,2.96,3,2.5,2.72,2.77,2.3,2.9,3,2.57,2.9,3,2.49,0,0,0
1,2,3.2,4,2.1,3.1,3.7,2,2.9,3.7,2.06,3,3.55,2,3,4,2.05,3.2,3.7,2.15,3.15,3.4,2.08,3.2,3.35,2.06,3.1,3.7,2.1,3.2,3.75,1.98,3.1,3.75,2.05,3,3.75,2.05,3.1,3.7,1.95,3.1,4,2,3.2,4,1.95,2.9,3.4,2.09,3.16,4.09,2,3.1,3.9,2.05,3.1,3.85,2.01,3,3.5,2,3.1,3.8,2.05,3.1,3.7,2.05,3.15,3.2,2.06,3.1,3.7,1.82,2.93,4.2,1.93,3,3.71,2.08,2.48,4.1,2,3.2,4,2.08,3.1,4.2,1.95,3.28,4.2,2,3.15,4.1,2.06,3.1,3.55,1.97,3.28,4.16,1.95,3.1,4,2,3.2,3.75,1.93,3.05,3.95,1.95,3.1,4,2.1,3.2,3.83,1.96,2.92,3.47,2.1,3.2,3.83,2.1,3.2,3.7,2,3.2,4,2.1,3.2,3.75,2.02,3.15,4.15,2.06,3.1,3.55,2.1,3.05,4,2.08,3.2,3.9,1.96,3,3.6,2.02,3,3.45,2.13,3.3,3.45,2.04,3.03,3.35,2.05,3.15,3.8,2.1,3.25,3.4,2.12,3.2,4.1,2.1,3.15,4,1.95,3,3.6,2.05,3.15,3.8,2,3.1,3.6,2.04,3.05,4.3,2,3.2,4,2.11,3.2,3.85,2,3.1,3.6,2.15,3.1,3.5,2,3.1,3.75,2.05,3.1,3.6,2.05,3.1,3.6,2.05,3.05,3.8,2.05,3.05,3.8,2.05,3.05,3.8,2.05,3.05,3.8,1.98,3.1,3.75,1.85,2.75,3.3,1.98,3.1,3.75,2.02,3.1,3.74,2,3.15,3.9,2.12,3.2,3.4,2.06,3.1,3.65,0,0,0,2,3.15,3.65,2.03,3.1,3.25,2.06,3.1,3.65,2,3.15,4,2,3.15,4,2,3.15,3.8,2.11,3.3,3.4,2.15,3.2,3.7,0,0,0,1.91,2.95,3.85,2.07,3.25,3.9,2.13,3.2,3.7,2.03,3.15,4.1,1.99,2.98,3.55,1.98,3.1,3.75,1.98,3.1,3.85,2.1,3,3.6,1.91,2.81,3.21,1.94,2.95,3.48,2.02,3.15,3.8,2.02,3.15,3.8,1.95,2.95,3.65,1.93,2.85,3.25,2.05,3.14,3.8,1.95,3.1,4,2.1,3.2,3.75,2.12,3.08,3.68,2.04,3,3.45,2,3.1,3.75,1.95,2.95,3.45,1.95,3.1,4,2.11,3.28,3.42,1.93,2.97,3.75,1.97,3.05,3.8,1.97,3.05,3.8,2,3.2,3.8,1.95,3.1,4,1.95,3,3.6,2.06,3.1,3.3,2.12,3.15,3.5,1.93,2.95,3.55,1.98,3.1,3.75,2,3.05,3.55,1.98,3.1,3.95,1.8,2.8,3.35,2,3.1,3.75,2,3.2,4.2,2.1,3.2,3.75,2.1,3.2,3.75,2.1,3.15,3.65,2.02,3.15,3.8,2.04,3.15,3.85,1.95,3.1,3.9,2,3,3.8,1.98,3.05,3.7,1.95,3,3.6,1.95,3.1,3.8,2,3.1,3.75,2.12,3.25,3.75,2.1,3.2,3.8,1.95,2.9,3.35,2.1,3,3.3,2.13,3.25,3.89,1.97,3.15,3.64,1.97,3.15,3.64,2.17,3.2,3.75,1.93,2.95,4.3,2.02,3.2,3.85,1.96,2.97,4.23,2.1,3.1,3.65,2.09,3.16,3.64,1.96,3.05,4.1,2.1,3.2,3.75,1.95,3.1,4,1.99,2.98,3.55,2.13,3.25,3.89,2,3.2,3.7,2.13,3.14,3.76,1.98,2.9,3.35,1.98,2.9,3.35,2.1,3.25,3.4,2.06,3.05,3.9,1.83,2.95,3.6,2.05,3.1,3.85,2.06,3.1,3.6,0,0,0
1,2.38,3,3.1,2.4,2.9,3.2,2.3,2.8,3.1,2.31,2.85,3.15,2.38,2.88,3.2,2.24,3.1,3.2,2.45,2.85,3.1,2.36,2.9,3.1,2.34,2.99,3.05,2.5,2.95,3.2,2.35,2.87,3.1,2.37,2.87,3.2,2.25,3.1,3.2,2.23,2.9,3.4,2.45,2.95,3.1,2.25,2.8,2.85,2.32,3.07,3.62,2.3,2.95,3.2,2.37,3,3.2,2.18,3.01,3.11,2.4,2.95,3,2.25,3.1,3.2,2.44,2.92,2.89,2.34,2.99,3.05,2.12,2.76,3.4,2.23,2.89,3.06,2.16,2.5,3.3,2.45,2.95,3.1,2.14,2.7,3.2,2.36,3.13,3.26,2.28,2.95,3.5,2.32,2.97,3.15,2.38,3.13,3.27,2.23,2.9,3.4,2.4,2.88,3.2,2.2,2.85,3.35,2.23,2.9,3.4,2.43,3.08,3.19,2.26,2.83,2.92,2.43,3.08,3.19,2.35,3,3.2,2.25,3.1,3.3,2.45,3,3.2,2.37,3.1,3.25,2.32,2.97,3.15,2.34,3.1,3.2,2.38,3.1,3.3,2.25,2.88,3.05,2.22,2.82,3,2.42,3,3.2,2.26,2.88,3.03,2.42,3,3.1,2.38,2.95,3.1,2.16,2.5,3.3,2.16,2.5,3,2.38,2.8,3,2.42,3,3.1,2.38,2.8,3.1,2.18,2.96,3.9,2.45,2.95,3.1,2.43,3.05,3.15,2.36,3,3,2.4,2.95,3.2,2.4,3,3,2.3,3,3.2,2.3,3,3.2,2.35,2.9,3.2,2.35,2.9,3.2,2.35,2.9,3.2,2.35,2.9,3.2,2.35,2.87,3.1,2.2,2.65,2.7,2.35,2.87,3.1,2.37,3,3.03,2.32,3.05,3.2,2.37,2.92,3.15,2.34,2.99,3.05,0,0,0,2.25,2.95,3.3,2.31,2.85,3,2.34,2.99,3.05,2.4,3,3.1,2.4,3,3.1,2.25,3.05,3.25,2.4,3,3.15,2.4,3.1,3.25,0,0,0,2.15,2.85,3.3,2.4,3.1,3.25,2.39,3.05,3.25,2.45,3.05,3.15,2.29,2.88,2.97,2.37,2.9,2.95,2.2,3,3.3,2.3,3,3.2,2.14,2.7,2.85,2.11,2.83,3.15,2.33,3,3.15,2.33,3,3.15,2.15,2.8,3.3,2.2,2.7,2.85,2.22,3,3.5,2.2,2.9,3.4,2.45,3,3.2,2.34,3.08,3.24,2.28,2.9,3.05,2.37,2.95,3.05,2.15,2.85,3.15,2.23,2.9,3.4,2.4,2.98,3.15,2.32,2.87,2.97,2.15,2.9,3.45,2.15,2.9,3.45,2.4,3,3.1,2.2,2.9,3.4,2.38,2.8,3,2.33,2.8,3.05,2.35,3,3.2,2.3,2.85,2.9,2.37,2.9,2.95,2.2,2.9,3.25,2.25,3,3.3,2.2,2.6,2.8,2.4,2.88,3.1,2.35,3.1,3.25,2.45,3,3.2,2.45,3,3.2,2.35,3,3.15,2.24,3.05,3.25,2.27,3.05,3.3,2.2,3,3.3,0,0,0,2.3,2.95,3.1,2.3,2.75,3,2.2,2.9,3.4,2.37,2.95,3.05,2.37,3.1,3.25,2.32,3.1,3.4,2.2,2.8,2.95,2.4,3,2.8,2.46,3.13,3.23,2.26,3,3.34,2.26,3,3.34,2.43,3.05,3.3,2.4,2.95,3,2.4,3.05,3.15,2.31,2.92,3.45,2.35,3,3.2,2.35,3.02,3.19,2.17,2.86,3.7,2.45,3,3.2,2.23,2.9,3.4,2.29,2.88,2.97,2.46,3.13,3.23,2.26,2.98,3.3,2.37,3.1,3.24,2.2,2.8,2.95,2.2,2.8,2.95,2.38,2.95,3.1,2.43,2.96,3.1,2.12,2.8,2.97,2.27,3.05,3.5,2.25,3,3.3,0,0,0
0,2.6,3,2.88,2.6,3,2.88,2.5,2.87,2.75,2.5,2.85,2.8,2.6,2.88,2.88,2.2,3.3,3.2,2.6,2.9,2.9,2.5,2.95,2.8,2.33,3.05,3.1,2.7,3.05,2.85,2.5,2.9,2.8,2.55,2.9,2.8,2.31,3.25,2.96,2.14,3.1,3.35,2.6,2.95,2.9,2.2,2.9,2.85,2.42,3.16,3.24,2.3,3.1,3.05,2.6,3,2.9,2.02,3.2,3.3,2.5,2.95,2.8,2.31,3.25,2.96,2.18,3.2,2.85,2.14,3.15,3.3,1.9,3.05,3.65,2.43,2.9,2.74,2.16,3.2,3.85,2.6,2.95,2.9,2.08,3.25,3.7,2.57,3.13,2.88,2.2,3.15,3.45,2.52,2.97,2.82,2.57,3.13,2.88,2.14,3.1,3.35,2.6,3,2.8,2.12,3.05,3.35,2.14,3.1,3.35,2.6,3.07,2.94,2.41,2.82,2.7,2.6,3.07,2.94,2.6,3.1,2.9,2.1,3.2,3.5,2.7,3.05,2.85,2.6,3.15,2.9,2.52,2.97,2.82,2.55,3.1,2.85,2.6,3.1,2.9,2.45,2.88,2.72,2.42,2.85,2.68,2.6,3.05,2.9,2.46,2.97,2.81,2.35,3.1,3.1,2.54,3,2.84,2.4,3.25,3.2,2.16,2.94,3.4,2.55,2.88,2.75,2.55,3.05,2.87,2.5,2.88,2.75,2.2,3.1,3.65,2.6,2.95,2.9,2.38,3.15,3.1,2.5,2.9,2.8,2.6,2.95,2.9,2.5,3.1,2.75,2.5,3.1,2.75,2.5,3.1,2.75,2.6,2.95,2.9,2.6,2.95,2.9,2.6,2.95,2.9,2.6,2.95,2.9,2.5,2.9,2.8,2.3,2.65,2.55,2.5,2.9,2.8,2.55,3,2.71,2.55,3.05,2.85,2.55,2.97,2.85,2.19,3.25,3.15,2.7,3.1,2.8,2.1,3.25,3.3,2.45,2.9,2.75,2.09,3.15,3.4,2.35,3.1,3.1,2.35,3.1,3.1,2.15,3.15,3.3,2.55,3.05,2.85,2.6,3.1,2.9,0,0,0,2.05,3.05,3.3,2.62,3.1,2.91,2.6,3.05,2.91,2.6,3.15,2.9,2.45,2.87,2.75,2.5,2.9,2.8,2.15,3.15,3.3,2.6,3,2.8,2.31,2.71,2.57,1.99,3.09,3.13,2.55,3,2.85,2.55,3,2.85,2.05,3.05,3.3,2.33,2.75,2.6,2.1,3.25,3.4,2.14,3.1,3.35,2.7,3.05,2.85,2.51,3.08,2.9,2.48,2.9,2.75,2.5,2.95,2.8,2,3.1,3.1,2.14,3.1,3.35,2.56,3.03,2.86,2.25,2.97,2.95,2.05,3.15,3.35,2.05,3.15,3.35,2.6,3,2.9,2.14,3.1,3.35,2.5,2.88,2.75,2.47,2.85,2.75,2.55,3,2.87,2.4,2.85,2.7,2.5,2.9,2.8,2.05,3.2,3.2,2.15,3.15,3.35,2.35,2.65,2.55,2.6,2.9,2.8,2.6,3.15,2.9,2.7,3.05,2.85,2.7,3.05,2.85,2.5,3,2.8,2.17,3.15,3.3,2.2,3.2,3.35,2.15,3.15,3.3,2.3,3.1,3.1,2.5,2.95,2.8,2.5,2.8,2.7,2.1,3.1,3.4,2.5,2.95,2.84,2.6,3.15,2.9,2.12,3.3,3.65,2.2,2.88,2.85,2.5,3,2.7,2.64,3.12,2.98,2.09,3.19,3.25,2.09,3.19,3.25,2.63,3.05,3,2.2,3.1,3.2,2.35,3.15,3.1,2.19,3.08,3.54,2.55,3,2.88,2.56,3.03,2.86,2.04,3.15,3.6,2.7,3.05,2.85,2.14,3.1,3.35,2.45,2.87,2.75,2.64,3.12,2.98,2.12,3.25,3.3,2.55,3.12,2.93,2.4,2.8,2.65,2.4,2.8,2.65,2.55,3,2.85,2.58,3.05,2.84,2.3,2.85,2.67,2.17,3.25,3.5,2.2,3.25,3.15,0,0,0
0,2.25,3,3.5,2.38,2.9,3.25,2.25,2.8,3.1,2.31,2.9,3.1,2.25,2.88,3.5,2.07,3.2,3.6,2.45,2.75,3.15,2.32,2.9,3.15,2.21,3.05,3.25,2.4,3,3.3,2.35,2.85,3.1,2.35,2.87,3.2,2.05,3.15,3.65,2,3.1,3.85,2.4,2.95,3.2,2.2,2.85,2.9,2.25,3.16,3.68,1.95,3.05,4,2.37,3.05,3.15,2.03,3,3.5,1.93,3.1,4,2.05,3.15,3.65,2.26,2.99,2.91,2.21,3.05,3.25,1.98,2.86,3.65,2.23,2.94,3,2.08,3.05,4.2,2.4,2.95,3.2,2.12,3.2,4.3,2.36,3.14,3.18,2.04,3.15,3.9,2.32,3,3.05,2.41,3.1,3.16,2,3.1,3.85,2.38,2.88,3.2,1.97,3.05,3.8,2,3.1,3.85,2.02,3.2,4.1,2,2.86,3.45,2.02,3.2,4.1,2.35,3.1,3.2,2.05,3.1,4,2.45,3,3.25,2.37,3.15,3.25,2.32,3,3.05,2.09,3.1,4,2.4,3.1,3.2,2.25,2.95,3,2.22,2.88,2.95,0,0,0,0,0,0,2,3.15,4,2.34,2.95,3.2,2.08,2.96,4.2,2.08,3.05,4.1,2.3,2.8,3,2.2,3.05,3.5,2.3,2.88,3.1,2.3,2.96,3.55,2.4,2.95,3.2,2.01,3.15,4.1,2.3,3,3,2.35,3,3.2,2.2,2.9,3.5,2.2,2.9,3.5,2.2,2.9,3.5,2.35,2.95,3.15,2.35,2.95,3.15,2.35,2.95,3.15,2.35,2.95,3.15,2.2,2.85,3.5,1.8,2.8,3.5,2.2,2.85,3.5,2.35,3,2.97,2.22,3,3.5,2.35,2.92,3.2,1.92,3.15,4.05,0,0,0,2.05,3.15,3.5,2.28,2.85,3.05,2.21,3.05,3.25,1.97,3.15,4.1,1.97,3.15,4.1,2,3.1,3.9,2.38,2.95,3.2,2.4,3.15,3.2,0,0,0,2.1,2.9,3.35,2.4,3.15,3.2,2.38,3.1,3.15,2.35,3.15,3.2,2.03,2.92,3.52,1.93,3.1,3.9,1.98,3,3.8,2.3,3,3,2.14,2.75,2.8,1.89,2.91,3.67,2.33,3.05,3.1,2.33,3.05,3.1,1.91,2.85,3.9,2.16,2.7,2.9,2.05,3.1,3.8,2,3.1,3.8,2.45,3,3.25,2.34,3.1,3.14,2.28,2.95,3,2.31,3,3.05,1.9,2.9,3.65,2,3.1,3.85,2.38,2.97,3.19,1.9,3,3.9,2,3.05,3.7,2,3.05,3.7,2.35,3.1,3.1,2,3.1,3.8,2.3,2.8,3,2.29,2.8,3.15,2.35,3.05,3.1,1.89,2.9,3.7,1.93,3.1,3.9,2.15,2.95,3.25,1.95,3.1,4.08,2.15,2.6,2.8,2,3,4,2.35,3.15,3.2,2.45,3,3.25,2.45,3,3.25,2.35,3.15,3.15,1.98,3.1,3.95,2,3.1,4,1.97,3,3.9,1.95,3,3.9,2,3.05,3.85,2.3,2.8,3,2.25,2.9,3.3,1.92,3.1,4.1,2.37,3.15,3.25,2.05,3.15,4.05,1.9,2.88,3.65,2.1,3.1,3.2,2.04,3.25,4.2,1.99,3.1,3.67,1.99,3.1,3.67,2.42,3.1,3.25,1.93,2.95,4.3,1.99,3.15,4.05,2.05,3,4.11,2.35,3.1,3.1,2.35,3.08,3.13,2.03,2.9,4.1,2.45,3,3.25,2,3.1,3.85,2.03,2.92,3.52,2.17,3.18,3.86,2.02,3.15,3.75,2.32,2.8,3.1,2.15,2.9,2.95,2.15,2.9,2.95,2.36,2.95,3.15,2.42,2.93,3.15,2.1,2.87,2.92,2.1,3.15,3.9,2.04,3.1,3.75,0,0,0
1,1.75,3.4,5,1.8,3.2,5,1.75,3,4.75,1.79,3.1,4.6,1.75,3.13,5.25,1.79,3.3,4.5,1.9,2.95,4.7,1.78,3.1,4.9,1.77,3.25,4.85,1.85,3.25,4.9,1.73,3.1,5,1.8,3.1,5,1.8,3.3,4.5,1.75,3.15,5,1.83,3.3,4.5,1.65,3.1,4.5,1.72,3.55,5.56,1.7,3.35,5,1.78,3.35,4.8,1.75,3.21,4.4,1.75,3.25,4.6,1.8,3.3,4.5,1.77,3.25,4,1.77,3.25,4.8,1.7,3.05,4.7,1.7,3.16,4.58,1.75,2.86,4.2,1.83,3.3,4.5,1.85,3.3,4.9,1.82,3.34,4.8,1.79,3.25,5.1,1.79,3.2,4.55,1.79,3.4,4.97,1.75,3.15,5,1.73,3.2,5.5,1.74,3.15,4.9,1.75,3.15,5,1.71,3.52,5.5,1.61,3.17,4.9,1.71,3.52,5.5,1.85,3.3,4.7,1.75,3.4,5,1.85,3.25,4.9,1.83,3.35,4.85,1.79,3.2,4.55,1.77,3.3,5.5,1.87,3.4,4.6,1.7,3.2,4.55,1.73,3.05,4.3,1.82,3.2,5,1.8,3.05,4.23,1.75,3.35,4.95,1.79,3.15,4.9,1.75,2.86,4.2,1.75,2.84,4.2,1.8,3,4.6,1.75,3.35,4.95,1.7,3.1,5,0,0,0,1.83,3.3,4.5,1.76,3.4,5,1.73,3.2,4.75,1.83,3.25,4.75,1.78,3.3,4.5,1.75,3.25,4.75,1.75,3.25,4.75,1.83,3.15,4.7,1.83,3.15,4.7,1.83,3.15,4.7,1.83,3.15,4.7,1.77,3.3,4.33,1.65,2.9,4,1.77,3.3,4.33,1.8,3.25,4.31,1.77,3.35,4.8,1.82,3.15,4.7,1.77,3.25,4.8,1.85,3.3,4.8,1.74,3.35,4.6,1.8,3.05,4.2,1.77,3.25,4.8,1.82,3.35,4.5,1.82,3.35,4.5,1.75,3.35,5,1.86,3.2,4.5,1.84,3.35,4.8,0,0,0,1.7,3.15,4.75,1.83,3.35,4.95,1.89,3.35,4.45,1.85,3.35,4.6,1.63,3.25,5,1.75,3.25,4.6,1.72,3.3,4.9,1.8,3.2,4.6,1.68,2.88,4.06,1.67,3.11,4.41,1.75,3.35,4.8,1.75,3.35,4.8,1.7,3.15,4.75,1.68,2.85,4.35,1.8,3.33,4.75,1.75,3.15,5,1.85,3.25,4.9,1.85,3.28,4.5,1.78,3.1,4.3,1.75,3.25,4.7,1.7,3.1,4.45,1.75,3.15,5,1.86,3.22,4.49,1.68,3.15,4.7,1.75,3.2,4.6,1.75,3.2,4.6,1.85,3.3,4.4,1.75,3.15,5,1.8,3,4.5,1.77,3,4.8,1.82,3.25,4.5,1.67,3.1,4.55,1.75,3.25,4.6,0,0,0,1.71,3.35,5.07,1.66,2.8,4.2,1.7,3.3,5,1.85,3.35,4.7,1.85,3.25,4.9,1.85,3.25,4.9,1.83,3.25,4.75,1.74,3.35,4.9,1.74,3.35,4.9,1.72,3.25,4.8,0,0,0,1.73,3.2,4.65,1.75,3,4.5,0,0,0,1.74,3.3,4.7,1.83,3.3,4.9,1.98,3.15,4.35,1.67,3.1,4.33,1.75,3.3,4.2,1.73,3.59,5.6,1.72,3.33,4.55,1.72,3.33,4.55,1.86,3.3,5,1.72,3.3,4.9,1.75,3.45,5,1.76,3.14,5.16,1.83,3.25,4.75,1.82,3.27,4.69,1.76,3.2,4.9,1.85,3.25,4.9,1.75,3.15,5,1.63,3.25,5,1.73,3.59,5.6,1.75,3.4,4.65,1.82,3,4.6,1.72,3,4.3,1.72,3,4.3,1.85,3.2,4.4,1.88,3.2,4.5,1.65,3.1,4.3,1.83,3.3,4.8,1.81,3.3,4.4,0,0,0
2,2.3,3.2,3.2,2.25,3.2,3.2,2.2,3,3.1,2.25,3,3.1,2.25,3.1,3.2,2.24,3.3,3.1,2.3,2.95,3.15,2.22,3.15,3.1,2.24,3.15,3.05,2.35,3.2,3.2,2.25,3.2,2.95,2.25,3.1,3.2,2.35,3.35,2.81,2.33,3,3.1,2.35,3.25,3,2.15,2.95,2.9,2.37,3.33,3.15,2.25,3.15,3.1,2.34,3.15,3.1,2.12,3.2,3.05,2.25,3.2,3,2.35,3.35,2.81,2.3,3.1,2.76,2.24,3.2,3,0,0,0,2.16,3.04,3.02,2.28,2.98,3.35,2.35,3.25,3,2.24,3.5,3.45,2.31,3.24,3.16,2.38,3.05,3.15,2.25,3.1,3.1,2.34,3.3,3.09,2.33,3,3.1,2.3,3.2,3,2.3,2.95,3.05,2.33,3,3.1,2.35,3.29,3.12,2.18,3.01,2.86,2.35,3.29,3.12,2.3,3.2,3.2,2.25,3.2,3.3,2.35,3.15,3.25,2.32,3.25,3.2,2.25,3.1,3.1,2.3,3.2,3.1,2.35,3.2,3.2,2.22,3.05,2.9,2.17,2.95,2.95,2.27,3.25,3.2,2.19,3.02,3,2.3,3.2,3.15,2.24,3.15,3.15,2.4,3.25,3.2,2.4,3.25,3.2,2.2,3,3,2.3,3.2,3.15,2.25,3,3,2.24,3.15,3.4,2.35,3.25,3,2.31,3.2,3.15,2.25,3.1,3,2.3,3.2,3.1,2.25,3.1,3.1,2.25,3.1,3.1,2.25,3.1,3.1,2.3,3.05,3.15,2.3,3.05,3.15,2.3,3.05,3.15,2.3,3.05,3.15,2.25,3.2,2.95,2.1,2.85,2.7,2.25,3.2,2.95,2.3,3.15,2.92,2.3,3.2,3.1,2.27,3.1,3.15,2.24,3.2,3,0,0,0,2.3,3.15,2.95,2.19,3,3,2.24,3.2,3,2.3,3.2,3.15,2.3,3.2,3.15,2.25,3.15,3.1,2.26,3.2,3.2,2.3,3.25,3.2,0,0,0,2.25,3,2.9,2.35,3.25,3.2,2.33,3.25,3.2,2.3,3.25,3.2,2.22,3.07,2.91,2.25,3.1,2.95,2.25,3.1,3.05,2.3,3.2,3,2.08,2.83,2.81,2.09,3.01,3,2.3,3.2,3.05,2.3,3.2,3.05,2.25,3,2.9,2.07,2.9,2.85,2.22,3.2,3.2,2.3,3,3.1,2.35,3.15,3.25,2.29,3.18,3.14,2.22,3.05,3,2.25,3.1,3.05,2.1,3,3,2.33,3,3.1,2.29,3.17,3.15,2.2,3.05,3,2.1,3.2,3.2,2.1,3.2,3.2,2.25,3.2,3.2,2.3,3,3.1,2.2,3,3,2.19,3.05,3.1,2.3,3.15,3.15,2.15,2.95,2.9,2.25,3.1,2.95,2.15,3.1,3.1,2.27,3.2,3.05,2.05,2.8,2.8,2.25,3.1,3.1,2.3,3.25,3.2,2.35,3.15,3.25,2.35,3.15,3.25,2.3,3.15,3.15,2.27,3.15,3.1,2.27,3.15,3.1,2.15,3.15,3.2,2.25,3.1,3,2.25,3.1,3.05,2.2,3,3,2.15,3.15,3.2,2.28,3.15,3,2.32,3.25,3.2,2.22,3.25,3.4,2.15,2.95,2.9,2.25,3.1,2.9,2.38,3.35,3.17,2.27,3.16,2.93,2.27,3.16,2.93,2.36,3.2,3.25,2.25,3.1,3.1,2.28,3.2,3.15,2.2,3.1,3.29,2.3,3.2,3.2,2.29,3.17,3.15,2.13,3.15,3.35,2.35,3.15,3.25,2.33,3,3.1,2.22,3.07,2.91,2.38,3.35,3.17,2.3,3.2,2.98,2.22,3,3.08,2.15,2.95,2.9,2.15,2.95,2.9,2.27,3.15,3.1,2.32,3.15,3.15,2.07,2.97,2.92,2.25,3.25,3.3,2.22,3.25,3.15,0,0,0
1,1.8,3.3,4.5,1.8,3.3,4.75,1.75,3.1,4.5,1.81,3.2,4.3,1.8,3.25,4.6,1.81,3.4,4.3,1.83,3.2,4.5,1.78,3.3,4.5,1.83,3.3,4.3,1.88,3.3,4.6,1.8,3.2,4.33,1.8,3.2,4.6,1.82,3.4,4.25,1.71,3.35,4.9,1.87,3.3,4.33,1.75,3.1,4,1.65,3.82,5.66,1.75,3.3,4.5,1.88,3.35,4.25,1.78,3.3,4.1,1.82,3.25,4.33,1.82,3.4,4.25,1.8,3.35,3.8,1.8,3.35,4.45,1.69,3.15,4.55,1.73,3.19,4.37,1.8,3.5,4.9,1.87,3.3,4.33,1.87,3.6,4.9,1.87,3.42,4.33,1.75,3.45,5,1.81,3.25,4.4,1.89,3.42,4.29,1.71,3.35,4.9,1.83,3.25,4.33,1.7,3.35,4.8,1.71,3.35,4.9,1.89,3.35,4.5,1.77,3.05,4,1.89,3.35,4.5,1.85,3.4,4.4,1.75,3.3,4.75,1.85,3.4,4.7,1.87,3.4,4.55,1.81,3.25,4.4,1.86,3.3,4.7,1.87,3.5,4.5,1.8,3.2,4,1.75,3.15,4,1.82,3.4,4.6,1.76,3.23,4.15,1.85,3.35,4.25,1.79,3.3,4.55,1.8,3.5,4.9,1.78,3.55,5.1,1.75,3.25,4.33,1.85,3.35,4.25,1.8,3.1,4.33,0,0,0,1.87,3.3,4.33,1.87,3.4,4.3,1.82,3.33,4,1.83,3.4,4.33,1.83,3.3,4.2,1.83,3.3,4.2,1.83,3.3,4.2,1.83,3.25,4.4,1.83,3.25,4.4,1.83,3.25,4.4,1.87,3.2,4.5,1.8,3.2,4.33,1.7,2.9,3.75,1.8,3.2,4.33,1.85,3.3,3.98,1.87,3.3,4.3,1.8,3.3,4.5,1.83,3.3,4.3,0,0,0,1.71,3.35,4.75,1.76,3.25,4.1,1.76,3.4,4.6,1.85,3.3,4.4,1.85,3.3,4.4,1.75,3.35,4.75,1.8,3.35,4.6,1.86,3.4,4.6,0,0,0,1.67,3.25,4.6,1.84,3.4,4.7,1.88,3.45,4.3,1.85,3.45,4.4,1.8,3.11,4.1,1.8,3.25,4.2,1.73,3.35,4.7,1.85,3.2,4.2,1.69,2.97,3.81,1.68,3.15,4.32,1.84,3.35,4.2,1.84,3.35,4.2,1.67,3.25,4.6,1.68,3,4,1.8,3.4,4.5,1.7,3.35,4.8,1.85,3.4,4.7,1.83,3.38,4.4,1.8,3.15,4.2,1.83,3.3,4.2,1.7,3.1,4.25,1.71,3.35,4.9,1.82,3.41,4.4,1.78,3.15,4.1,1.77,3.3,4.3,1.77,3.3,4.3,1.85,3.4,4.3,1.7,3.35,4.8,1.75,3.25,4.33,1.77,3.15,4.4,1.85,3.37,4.25,1.77,3.15,3.95,1.8,3.25,4.2,1.75,3.2,4.4,1.77,3.35,4.6,1.62,3,4,1.83,3.2,4.5,1.85,3.45,4.6,1.85,3.4,4.7,1.85,3.4,4.7,1.83,3.4,4.5,1.76,3.35,4.7,1.77,3.4,4.75,1.72,3.3,4.75,1.75,3.25,4.5,1.82,3.25,4.1,1.73,3.2,4.33,1.8,3.25,4.25,1.83,3.3,4.2,1.87,3.4,4.55,1.82,3.5,4.7,1.75,3.1,3.9,1.85,3.2,4,1.91,3.41,4.6,1.69,3.36,4.75,1.69,3.36,4.75,1.9,3.35,4.6,1.75,3.2,4.9,1.81,3.4,4.6,1.74,3.27,4.96,1.83,3.35,4.33,1.84,3.3,4.48,1.77,3.3,4.6,1.85,3.4,4.7,1.71,3.35,4.9,1.8,3.11,4.1,1.91,3.41,4.6,1.71,3.4,4.85,1.77,3.25,4.42,1.74,3.1,4,1.74,3.1,4,1.81,3.35,4.3,1.84,3.35,4.4,1.65,3.15,4.2,1.83,3.4,4.7,1.81,3.35,4.4,0,0,0
2,2.2,3,3.6,2.2,2.9,3.7,2.1,2.8,3.5,2.13,2.9,3.5,2.2,2.88,3.6,2.2,2.9,3.5,2.2,2.85,3.6,2.14,2.95,3.55,2.17,2.97,3.4,2.25,3,3.7,2.15,2.95,3.3,2.15,2.9,3.6,2.19,3.1,3.3,2.18,2.9,3.55,2.35,3,3.2,2.1,2.8,3.2,2.3,3.04,3.73,2.15,2.95,3.45,2.24,3.05,3.4,2.15,2.83,3.4,2.2,3,3.4,2.19,3.1,3.3,2.24,2.95,2.99,2.17,2.97,3.4,2.09,2.78,3.45,2.04,2.93,3.45,2.2,2.52,3.1,2.35,3,3.2,2.38,2.96,3.6,2.16,3.15,3.62,2.23,2.95,3.6,2.12,3,3.5,2.21,3.1,3.59,2.18,2.9,3.55,2.2,2.88,3.6,2.16,2.85,3.5,2.18,2.9,3.55,2.26,2.99,3.66,2.11,2.74,3.33,2.26,2.99,3.66,2.15,3.1,3.6,2.2,3,3.6,2.25,3,3.7,2.18,3.15,3.65,2.12,3,3.5,2.24,3,3.6,2.2,3.2,3.6,2.13,2.95,3.25,2.05,2.85,3.35,2.19,3,3.7,2.08,2.91,3.4,2.22,3,3.5,0,0,0,2.2,2.52,3.1,2.2,2.52,3.1,2.1,2.88,3.5,2.22,3,3.5,2.15,2.8,3.5,2.21,2.99,3.4,2.35,3,3.2,2.23,3.05,3.5,2.14,3,3.33,2.2,2.95,3.6,2.2,2.9,3.4,2.15,3,3.4,2.15,3,3.4,2.2,2.95,3.6,2.2,2.95,3.6,2.2,2.95,3.6,2.2,2.95,3.6,2.15,2.95,3.3,2,2.7,3,2.15,2.95,3.3,2.15,3,3.37,2.22,2.97,3.5,2.15,2.95,3.6,2.17,2.97,3.4,0,0,0,2.2,3,3.3,2.09,2.85,3.45,2.17,2.97,3.4,2.2,3,3.55,2.2,3,3.55,2.2,3,3.45,2.17,3,3.65,2.2,3.1,3.65,0,0,0,2.15,2.8,3.4,2.18,3.15,3.7,2.25,3.1,3.45,2.18,3.15,3.65,2.14,2.79,3.4,2.15,2.95,3.3,2.15,2.95,3.5,2.2,3,3.4,1.97,2.73,3.16,2.07,2.82,3.25,2.2,3.05,3.35,2.2,3.05,3.35,2.15,2.8,3.4,2,2.7,3.25,2.33,3,3.25,2.18,2.9,3.5,2.25,3,3.7,0,0,0,2.1,2.9,3.4,2.18,3,3.35,2.1,2.85,3.25,2.18,2.9,3.55,2.17,2.99,3.64,2.12,2.85,3.35,0,0,0,0,0,0,2.15,3,3.6,2.18,2.9,3.5,2.1,2.88,3.5,2.11,2.85,3.5,2.15,3.05,3.55,2.1,2.85,3.25,2.15,2.95,3.3,2.2,2.9,3.25,2.15,2.95,3.62,1.95,2.65,3.2,2.1,2.9,3.5,2.18,3.15,3.65,2.25,3,3.7,2.25,3,3.7,2.15,3,3.65,2.19,2.99,3.45,2.19,3,3.45,2.15,2.9,3.5,2.15,2.9,3.4,2.1,2.95,3.45,2.05,2.8,3.4,2.2,2.9,3.3,2.18,3,3.35,2.18,3.15,3.65,2.35,3,3.45,2.05,2.85,3.3,2.1,3,3.3,2.29,3.03,3.72,2.17,2.97,3.32,2.17,2.97,3.32,2.25,3.05,3.7,2.15,2.95,3.5,2.2,3.1,3.55,2.22,2.83,3.6,2.2,3,3.5,2.16,3.06,3.58,0,0,0,2.25,3,3.7,2.18,2.9,3.55,2.14,2.79,3.4,2.29,3.03,3.72,2.2,3,3.4,0,0,0,2,2.85,3.3,2,2.85,3.3,2.14,2.95,3.55,2.18,2.98,3.65,1.95,2.85,3.35,2.25,3.05,3.55,0,0,0,0,0,0
2,2,3.1,4,2.15,3,3.7,2.1,2.8,3.5,2.16,2.9,3.4,2.2,2.9,3.6,2.01,3.1,3.8,2.25,2.8,3.5,2.13,2.95,3.5,1.94,3.05,4.05,2.1,3.05,4.1,2.15,2.95,3.5,2.15,2.9,3.6,2.02,3.1,3.8,1.95,3,4.1,2.2,3,3.5,2.05,2.85,3.2,1.92,3.34,4.51,1.97,3.05,4,2.21,3.05,3.5,1.98,3,3.65,1.95,3.1,3.9,2.02,3.1,3.8,2.05,3.1,3.25,2.01,3,4,1.88,2.88,4,2.07,2.95,3.33,2.04,3,4.4,2.2,3,3.5,2.02,3.05,4.6,2.2,3.14,3.52,2,3.05,4.25,2.16,3,3.4,2.22,3.14,3.51,1.95,3,4.1,2.2,2.88,3.5,1.93,2.95,4.1,1.95,3,4.1,2.2,3.08,3.7,2.05,2.82,3.37,2.2,3.08,3.7,2.2,3.1,3.5,2,3.1,4,2.25,3.05,3.6,2.22,3.1,3.55,2.16,3,3.4,2,3.05,4.4,2.24,3.2,3.5,2.1,2.95,3.3,2.07,2.88,3.2,2.19,3.05,3.65,2.14,2.82,3.37,2,3.1,4,2.15,3,3.55,2,2.92,3.45,2,2.82,3.95,2.15,2.88,3.4,2.2,3.1,3.45,2.15,2.88,3.4,0,0,0,2.2,3,3.5,2.02,3.15,4.1,2.14,3,3.33,2.2,3,3.5,2.15,3,3.4,2.15,3,3.4,2.15,3,3.4,2.2,2.95,3.45,2.2,2.95,3.45,2.2,2.95,3.45,2.2,2.95,3.45,2.15,2.95,3.5,1.82,2.75,3.4,2.15,2.95,3.5,2.2,3,3.26,2,3.1,4,2.2,2.92,3.55,1.94,3.05,4.05,0,0,0,2,2.95,4.05,2.14,2.8,3.35,2.01,3.1,3.85,1.97,3.1,4.2,1.97,3.1,4.2,2,3.05,4,2.17,3.05,3.6,2.25,3.15,3.55,0,0,0,1.91,2.9,3.9,2.22,3.15,3.55,2.22,3.1,3.55,2.2,3.15,3.55,2.08,2.87,3.45,1.95,3,3.9,1.97,3,4,2.2,3,3.4,2,2.74,3.07,1.9,2.91,3.66,2.17,3.05,3.45,2.17,3.05,3.45,1.91,2.9,3.9,1.99,2.75,3.2,2,3.1,4,1.95,3,4,2.25,3.05,3.6,2.18,3.1,3.48,2.14,2.95,3.3,2.16,3,3.4,1.9,2.9,3.6,1.95,3,4.1,2.23,2.95,3.54,1.92,2.97,3.85,0,0,0,0,0,0,2.2,3.1,3.4,1.95,3,4,2.15,2.88,3.4,2.11,2.85,3.45,2.2,3.05,3.4,1.91,2.9,3.7,1.95,3,3.9,1.97,3,3.75,2.08,3,3.75,1.95,2.65,3.15,2,3,4,2.2,3.15,3.55,2.25,3.05,3.6,2.25,3.05,3.6,2.2,3.15,3.4,1.99,3.05,3.95,1.99,3.05,3.95,1.95,3,4,1.95,3,4,2.15,3,3.35,2.1,2.8,3.3,1.95,3,3.9,2.16,3,3.4,2.22,3.1,3.55,2.02,3.15,4.25,1.9,2.85,3.65,2.1,3,3.3,2.22,3.13,3.77,1.96,2.95,4,1.96,2.95,4,2.25,3.1,3.65,2,3,3.9,2,3.15,4.05,2.01,2.91,4.16,2,3.1,4,2.19,3.08,3.46,0,0,0,2.25,3.05,3.6,1.95,3,4.1,2.08,2.87,3.45,2.22,3.13,3.77,1.98,3,4.1,2.17,2.88,3.47,2.05,2.85,3.2,2.05,2.85,3.2,2.19,2.9,3.45,2.28,2.9,3.5,1.97,2.87,3.25,2.07,3.1,4.1,1.99,3.1,3.8,0,0,0
0,1.5,4,6.5,1.57,3.8,5.8,1.5,3.6,6.5,1.53,3.6,5.8,1.5,3.75,7,1.61,3.7,5.1,1.53,3.7,6.75,1.49,3.75,6.6,1.52,3.85,6.2,1.6,3.8,6.25,0,0,0,1.5,3.75,7,1.62,3.7,5.1,1.61,3.35,5.8,1.53,3.75,6.5,1.45,3.5,5.5,1.43,4.54,7.98,1.5,3.9,6,1.55,3.9,6.15,1.58,3.61,4.95,1.57,3.7,5.75,1.62,3.7,5.1,1.52,3.7,5.2,1.52,3.85,6.2,1.57,3.4,5,1.44,3.81,6,1.62,3.6,6.6,1.53,3.75,6.5,1.6,3.75,6.8,1.53,3.98,6.5,1.65,3.45,6,1.53,3.8,5.9,1.55,3.98,6.3,1.61,3.35,5.8,1.5,3.75,6.5,1.6,3.35,5.8,1.61,3.35,5.8,1.56,4,6.2,1.48,3.59,5.5,1.56,4,6.2,1.55,3.9,6.2,1.6,3.75,5.5,1.55,3.9,6.75,1.57,3.9,6.5,1.53,3.8,5.9,1.6,3.85,6.1,1.56,4,6.3,1.49,3.65,5.8,1.48,3.55,5.5,1.52,3.9,6.8,1.49,3.55,5.95,1.52,3.95,6.4,1.5,3.8,6.6,1.62,3.6,6.6,1.64,3.6,6.4,1.47,3.75,6,1.53,3.9,6.25,1.5,3.6,6,1.56,3.85,6.6,1.53,3.75,6.5,1.54,3.95,6.4,1.5,3.75,6,1.53,3.75,6.5,1.5,4,5.75,1.5,3.8,6,1.5,3.8,6,1.56,3.75,6,1.56,3.75,6,1.56,3.75,6,1.56,3.75,6,1.51,3.8,6,1.44,3.3,5,1.51,3.8,6,1.55,3.8,5.36,1.57,3.8,5.9,1.5,3.75,6.75,1.52,3.85,6.2,1.55,3.9,6.75,1.57,3.55,5.75,1.49,3.55,6,1.52,3.85,6.2,1.55,3.9,6.1,1.55,3.9,6.1,1.6,3.7,5.5,1.51,3.85,6.8,1.57,4,6.2,0,0,0,1.55,3.3,5.75,1.55,4,6.6,1.58,3.9,6.1,1.55,3.95,6.6,1.49,3.68,5.6,1.52,3.75,6,1.58,3.6,5.6,1.55,3.8,6,1.44,3.33,5.1,1.51,3.44,5.24,1.52,3.85,6.2,1.52,3.85,6.2,1.55,3.3,5.75,1.42,3.35,5.7,1.58,3.75,5.75,1.6,3.35,5.8,1.55,3.9,6.75,1.53,3.92,6.25,1.52,3.7,5.4,1.53,3.8,5.8,1.55,3.45,5,1.61,3.35,5.8,1.54,3.78,6.39,1.55,3.5,5.3,1.52,3.75,5.8,1.52,3.75,5.8,1.55,3.9,6.1,1.6,3.35,5.8,1.5,3.75,6,1.49,3.65,6.4,1.55,3.8,6,1.47,3.55,5.6,1.52,3.75,6,1.57,3.5,5.3,1.57,3.6,6.05,1.36,3.45,5.8,1.5,3.8,6.5,1.55,3.95,6.6,1.55,3.9,6.75,1.55,3.9,6.75,1.54,3.85,6,1.6,3.7,5.4,1.6,3.7,5.4,1.57,3.5,5.5,1.5,3.8,6.25,1.52,3.75,5.8,1.44,3.7,6,1.58,3.6,5,1.53,3.8,5.8,1.57,3.9,6.5,1.6,3.7,6.5,1.45,3.5,5.5,1.5,3.8,5.5,1.57,4.1,6.4,1.56,3.53,5.7,1.56,3.53,5.7,1.57,3.9,6.7,1.5,3.9,6,1.51,4.05,6.5,1.61,3.51,5.69,1.53,3.9,6.25,1.55,3.88,6.07,1.5,3.8,7.25,1.55,3.9,6.75,1.61,3.35,5.8,1.49,3.68,5.6,1.57,4.1,6.4,1.58,3.6,5.8,1.51,3.75,6.17,1.48,3.5,5.4,1.48,3.5,5.4,1.49,3.75,6.6,1.56,3.7,6.2,1.4,3.6,5.8,1.65,3.65,5.7,1.61,3.65,5.2,0,0,0
0,1.73,3.25,5,1.75,3.2,5.5,1.7,3.1,5,1.74,3.15,4.8,1.75,3.2,5,1.77,3.3,4.7,1.75,3.1,5.25,1.73,3.2,5,1.76,3.2,5,1.8,3.3,5.25,1.73,3.1,5,1.73,3.2,5.2,1.78,3.25,4.7,1.7,3.25,5.2,1.8,3.3,4.75,1.7,3.1,4.5,1.68,3.54,6.01,1.7,3.25,5,1.78,3.25,5,1.68,3.25,4.8,1.75,3.2,5,1.78,3.25,4.7,1.78,3.35,3.8,1.76,3.2,5,0,0,0,1.66,3.23,4.8,1.75,3.3,5.7,1.8,3.3,4.75,1.8,3.3,5.5,1.78,3.4,4.95,1.74,3.35,5.3,1.74,3.25,4.8,1.81,3.38,4.87,1.7,3.25,5.2,1.75,3.2,5,1.68,3.2,5.1,0,0,0,0,0,0,0,0,0,0,0,0,1.8,3.4,5,0,0,0,1.8,3.3,5.25,1.8,3.4,5,1.74,3.25,4.8,0,0,0,1.81,3.4,4.9,1.7,3.1,4.7,1.68,3.1,4.5,1.76,3.3,5.2,1.7,3.08,4.85,1.77,3.3,5,1.74,3.25,5.1,1.75,3.25,5.1,1.73,2.86,4.8,1.7,3.1,5,0,0,0,1.73,3.1,5,1.79,3.2,5.5,1.8,3.3,4.75,1.78,3.35,5,1.73,3.2,4.75,1.78,3.3,5,1.78,3.3,4.5,0,0,0,0,0,0,1.77,3.25,4.9,1.77,3.25,4.9,1.77,3.25,4.9,1.77,3.25,4.9,1.73,3.2,4.8,1.63,2.85,4.2,1.73,3.2,4.8,0,0,0,0,0,0,1.74,3.2,5.25,1.78,3.3,4.6,0,0,0,1.68,3.3,5.25,1.71,3,4.9,1.76,3.2,5,1.77,3.3,4.9,1.77,3.3,4.9,1.75,3.25,5,1.75,3.25,5.2,1.79,3.4,5,0,0,0,0,0,0,1.78,3.4,5.1,1.79,3.4,4.95,1.8,3.4,5,0,0,0,1.73,3.2,4.8,1.74,3.3,5,1.75,3.2,4.8,1.63,2.93,4.23,1.65,3.12,4.53,1.75,3.25,5,1.75,3.25,5,1.65,3.2,5,1.63,2.9,4.5,0,0,0,1.7,3.25,5.2,1.8,3.3,5.25,1.77,3.36,4.85,1.73,3.2,4.5,1.74,3.25,4.8,1.7,3.1,4.45,1.7,3.25,5.2,1.75,3.27,5.17,1.67,3.15,5,1.77,3.1,4.7,1.77,3.1,4.7,1.75,3.3,4.9,1.7,3.25,5.2,1.7,3.1,5,1.72,3.1,5,1.78,3.37,4.75,1.68,3.05,4.6,1.73,3.2,4.8,1.73,3.2,4.6,1.7,3.3,5.28,1.58,2.9,4.6,1.7,3.2,5.5,0,0,0,1.8,3.3,5.25,1.8,3.3,5.25,1.77,3.4,5,1.75,3.25,4.95,1.75,3.25,4.95,1.7,3.25,5,1.7,3.2,5,1.73,3.2,4.7,1.7,3.1,4.75,1.7,3.2,4.75,1.74,3.25,4.8,1.8,3.4,5,0,0,0,1.67,3.05,4.5,1.8,3.2,4.1,0,0,0,1.69,3.39,4.7,1.69,3.39,4.7,1.82,3.35,5.2,1.75,3.2,4.9,1.76,3.35,5,1.73,3.18,5.35,1.77,3.35,5,1.77,3.33,4.9,1.75,3.15,5.4,1.8,3.3,5.25,1.7,3.25,5.2,0,0,0,0,0,0,1.72,3.45,4.8,1.72,3.1,5.1,1.68,3.05,4.4,1.68,3.05,4.4,1.73,3.2,5,1.8,3.15,5.15,0,0,0,0,0,0,1.78,3.3,4.65,0,0,0
1,2.1,3.25,3.5,2.25,3.1,3.3,2.15,2.9,3.25,2.21,3,3.2,2.2,3.1,3.3,2.08,3.3,3.4,2.25,3,3.3,2.18,3.05,3.25,2.12,3.1,3.3,2.15,3.2,3.7,2.2,3,3.2,2.2,3,3.3,2.09,3.25,3.4,2.05,3.1,3.65,2.3,3.1,3.2,2.1,2.95,3,2.12,3.27,3.8,2.05,3.1,3.6,2.26,3.1,3.25,2.03,3.15,3.31,2.1,3.2,3.4,2.09,3.25,3.4,2.13,3.15,2.98,2.04,3.1,3.55,0,0,0,2.12,3.03,3.11,2.12,3.25,3.8,2.3,3.1,3.2,2.08,3.3,4.1,2.25,3.22,3.3,2.1,3.15,3.7,2.21,3.1,3.2,2.27,3.22,3.3,2.05,3.1,3.65,2.25,3,3.25,2.02,3.05,3.6,2.05,3.1,3.65,2.25,3.28,3.33,2.09,3,3.05,2.25,3.28,3.33,2.25,3.2,3.3,2.1,3.25,3.5,2.3,3.15,3.4,2.27,3.2,3.35,2.21,3.1,3.2,2.08,3.15,3.9,2.3,3.2,3.3,2.15,3,3.1,2.12,2.95,3.05,2.24,3.15,3.35,2.17,2.9,3.17,2.08,3.2,3.6,2.2,3.1,3.3,2.12,3.25,3.8,2.12,3.25,3.8,2.2,3,3.25,2.25,3.15,3.25,2.2,3,3.2,2.04,3.15,4.1,2.3,3.1,3.2,2.11,3.25,3.6,2.05,3.14,3.4,2.25,3.1,3.3,2.15,3.2,3.2,2.15,3.2,3.2,2.15,3.2,3.2,2.25,3.05,3.25,2.25,3.05,3.25,2.25,3.05,3.25,2.25,3.05,3.25,2.1,3.1,3.3,1.93,2.85,3,2.1,3.1,3.3,2.25,3,3.15,2.1,3.2,3.55,2.2,3.05,3.35,2.09,3.1,3.6,2.3,3.2,3.3,2.05,3.1,3.6,2.17,2.9,3.15,2.12,3.1,3.3,2.1,3.2,3.6,2.1,3.2,3.6,2.05,3.15,3.55,2.22,3.15,3.35,2.3,3.25,3.3,0,0,0,2,3.05,3.45,2.27,3.25,3.35,2.28,3.2,3.25,2.25,3.25,3.35,2.12,3.06,3.11,2.1,3.1,3.3,2.05,3.15,3.55,2.2,3,3.2,2.05,2.82,2.89,1.95,3,3.35,2.23,3.15,3.2,2.23,3.15,3.2,2,3.05,3.45,2.04,2.8,3,2.05,3.2,3.66,2.05,3.1,3.6,2.3,3.15,3.4,2.23,3.18,3.26,2.18,3,3.1,2.06,3.15,3.5,2,3,3.3,2.05,3.1,3.65,2.22,3.13,3.34,2,3,3.45,2,3.05,3.7,2,3.05,3.7,2.25,3.2,3.2,2.05,3.1,3.6,2.2,3,3.25,2.16,2.95,3.25,2.25,3.15,3.2,1.98,3,3.3,2.1,3.1,3.3,2,2.95,3.6,2.05,3.2,3.57,2,2.75,3,2.1,3,3.5,2.25,3.25,3.3,2.3,3.15,3.4,2.3,3.15,3.4,2.25,3.15,3.25,2.07,3.15,3.55,2.07,3.15,3.55,2.05,3.15,3.5,2.05,3.1,3.5,2.2,3.05,3.15,2.15,2.9,3.2,2,3.1,3.7,2.08,3.15,3.4,2.27,3.2,3.35,2.12,3.1,3.9,2,3,3.2,2.1,3.1,3.2,2.27,3.33,3.39,2.04,3.18,3.42,2.04,3.18,3.42,2.3,3.15,3.45,2.1,2.9,3.8,2.08,3.25,3.65,2.09,2.98,3.73,2.1,3.2,3.6,2.24,3.16,3.25,2.06,3,4,2.3,3.15,3.4,2.05,3.1,3.65,2.12,3.06,3.11,2.27,3.33,3.39,2.06,3.25,3.5,2.22,3,3.29,2.1,2.95,3,2.1,2.95,3,2.18,3.05,3.25,2.28,3,3.35,2.02,2.95,3.05,2.1,3.25,3.75,2.09,3.1,3.6,2.1,3,3.9
2,2.3,3,3.1,2.5,3,3,2.45,2.87,2.75,2.49,2.9,2.85,2.6,2.9,2.88,2.37,3.2,2.9,2.45,2.9,3,2.49,3,2.85,2.5,3,2.88,2.6,3.05,2.95,0,0,0,2.5,2.9,2.87,2.47,3.15,2.79,2.38,2.9,3.15,2.5,3,2.95,2.35,2.8,2.7,2.45,3.1,3.3,2.3,2.95,3.1,2.55,3,2.9,2.33,2.95,2.91,2.5,2.95,2.8,2.47,3.15,2.79,2.45,2.93,2.69,2.5,3,2.88,2.28,2.87,2.93,2.39,2.98,2.71,2.06,2.8,2.76,2.5,3,2.95,2.3,2.8,2.84,2.55,3.1,2.92,2.43,2.95,3.2,2.48,2.97,2.85,2.55,3.1,2.92,2.38,2.9,3.15,2.6,2.88,2.88,2.35,2.85,3.1,2.38,2.9,3.15,2.54,3.25,2.87,2.35,2.98,2.64,2.54,3.25,2.87,2.55,3.1,2.9,2.38,3,3,2.6,3.05,2.95,2.57,3.1,2.95,2.48,2.97,2.85,2.55,3.1,2.9,2.6,3,3,2.42,2.9,2.75,2.42,2.9,2.75,2.55,3.05,2.9,2.43,2.97,2.84,2.33,3.05,3.2,2.51,3,2.87,2.06,2.8,2.76,2.48,3.05,3.25,2.5,2.88,2.8,2.52,3,2.95,2.5,2.88,2.8,2.78,2.98,2.8,2.5,3,2.95,0,0,0,2.45,3,2.86,2.6,3,2.85,2.5,3,2.8,2.5,3,2.8,2.5,3,2.8,2.55,2.95,2.95,2.55,2.95,2.95,2.55,2.95,2.95,2.55,2.95,2.95,2.45,2.9,2.85,2.3,2.65,2.55,2.45,2.9,2.85,2.5,3,2.84,2.52,3.05,2.87,2.5,2.95,2.92,2.5,3,2.88,0,0,0,2.45,3,2.85,2.42,2.9,2.75,2.5,3,2.88,2.6,3.05,2.8,2.6,3.05,2.8,2.5,3,2.85,2.55,3.05,2.9,0,0,0,0,0,0,2.3,3.05,2.8,2.6,3.1,2.94,2.57,3.05,2.94,2.55,3.1,2.95,2.39,3.03,2.69,2.5,2.9,2.8,2.3,2.95,3.1,2.5,3,2.8,2.29,2.72,2.6,2.23,2.91,2.84,2.5,3,2.85,2.5,3,2.85,2.3,2.85,3,2.31,2.75,2.6,2.54,3.14,2.8,2.38,2.9,3.15,2.6,3.05,2.95,2.54,3.04,2.9,2.45,2.9,2.8,2.49,3,2.85,2.25,2.9,2.85,2.38,2.9,3.15,2.53,3.04,2.9,2.42,2.92,2.77,2.55,3.05,2.65,2.55,3.05,2.65,2.5,3,2.9,2.38,2.9,3.15,2.5,2.88,2.8,0,0,0,2.52,3,2.9,2.4,2.85,2.7,2.5,2.9,2.8,2.3,2.95,3,2.3,3.05,3.15,2.3,2.65,2.6,2.55,2.9,2.88,2.55,3.1,2.95,2.6,3.05,2.95,2.6,3.05,2.95,2.5,3,2.9,2.31,3.05,3.15,2.33,3.05,3.2,2.3,2.9,3.1,2.6,3,2.75,2.45,2.95,2.8,2.45,2.8,2.75,2.5,2.9,2.8,2.29,3,3.1,2.57,3.05,3,2.47,3.15,3.05,2.2,2.85,2.95,2.5,2.8,2.8,2.57,3.3,2.91,2.28,2.99,3.07,2.28,2.99,3.07,2.63,3.05,3,2.5,2.95,2.85,2.31,3.1,3.2,2.41,2.86,3.15,2.55,3,2.9,2.57,3,2.78,2.6,3.05,2.95,2.38,2.9,3.15,2.39,3.03,2.69,2.57,3.3,2.91,2.32,3.05,3.15,2.55,2.88,3,2.52,3,3,2.35,2.8,2.7,2.35,2.8,2.7,2.5,3,2.85,2.56,3,2.87,2.25,2.8,2.75,2.45,3.1,3.05,2.35,3.1,3,0,0,0